1789832789,0.00054,0.00584,-0.00187,0.70706,-0.70706,0.00018,0.01161,0.00242,-0.00025,-0.00423,
1789832789,0.00049,0.00581,-0.00188,0.70705,-0.70707,-0.00015,0.01169,0.00288,-0.00081,-0.00431,
1789832789,-0.00087,0.00654,-0.00145,0.70726,-0.70686,0.00023,0.01151,0.00326,-0.00307,-0.00132,
1789832789,-0.00073,0.00620,-0.00125,0.70750,-0.70662,0.00046,0.01143,0.00117,-0.00487,-0.00123,
1789832789,-0.00054,0.00563,-0.00114,0.70784,-0.70628,0.00041,0.01155,0.00371,-0.00841,0.00028,
1789832789,-0.00033,0.00506,-0.00107,0.70824,-0.70588,0.00035,0.01150,0.00371,-0.01108,0.00060,
1789832789,-0.00094,0.00383,0.00002,0.70874,-0.70538,0.00045,0.01114,0.00495,-0.01325,0.00250,
1789832789,-0.00079,0.00270,0.00024,0.70918,-0.70494,0.00090,0.01069,0.00496,-0.01426,0.00068,
1789832789,-0.00065,0.00163,0.00042,0.70927,-0.70486,0.00143,0.01017,0.00629,-0.01703,0.00082,
1789832789,-0.00036,0.00054,0.00041,0.70920,-0.70495,0.00262,0.00889,0.00910,-0.02136,0.00120,
1789832790,0.00007,-0.00116,0.00080,0.70965,-0.70450,0.00388,0.00758,0.00917,-0.02612,0.00246,
1789832790,0.00057,-0.00265,0.00102,0.70931,-0.70485,0.00473,0.00689,0.00884,-0.02245,0.00208,
1789832790,0.00083,-0.00413,0.00084,0.70892,-0.70524,0.00514,0.00655,0.00369,-0.03810,0.00831,
1789832790,0.00085,-0.00619,0.00158,0.70955,-0.70461,0.00530,0.00625,-0.00054,-0.01514,-0.00317,
1789832790,0.00066,-0.00745,0.00123,0.70839,-0.70578,0.00521,0.00618,0.00472,-0.03776,0.00918,
1789832790,0.00109,-0.00920,0.00162,0.70879,-0.70537,0.00568,0.00593,0.00639,-0.01460,-0.00096,
1789832790,0.00111,-0.01089,0.00170,0.70872,-0.70544,0.00660,0.00475,0.00904,-0.02137,0.00351,
1789832790,0.00171,-0.01156,0.00184,0.70838,-0.70578,0.00842,0.00305,0.01230,-0.01080,0.00313,
1789832790,0.00202,-0.01182,0.00163,0.70808,-0.70606,0.00960,0.00177,0.00716,-0.00502,0.00185,
1789832790,0.00215,-0.01210,0.00182,0.70861,-0.70553,0.00983,0.00185,0.00292,-0.00361,0.00268,
1789832790,0.00232,-0.01197,0.00191,0.70881,-0.70532,0.00987,0.00208,0.00490,0.00455,-0.00033,
1789832790,0.00243,-0.01133,0.00175,0.70866,-0.70547,0.01000,0.00217,0.00621,0.00998,-0.00197,
1789832790,0.00249,-0.01041,0.00138,0.70855,-0.70558,0.01023,0.00248,0.00266,0.01330,-0.00319,
1789832790,0.00253,-0.00920,0.00090,0.70842,-0.70571,0.01050,0.00296,0.00421,0.01434,-0.00366,
1789832790,0.00241,-0.00822,0.00052,0.70893,-0.70520,0.01027,0.00384,0.00250,0.01415,-0.00330,
1789832791,0.00214,-0.00690,0.00023,0.70858,-0.70554,0.01005,0.00468,0.00230,0.01846,-0.00388,
1789832791,0.00198,-0.00557,-0.00007,0.70910,-0.70501,0.00931,0.00675,-0.00502,0.01576,-0.00278,
1789832791,0.00121,-0.00417,-0.00011,0.70941,-0.70469,0.00791,0.00935,-0.00266,0.02009,-0.00357,
1789832791,0.00052,-0.00297,-0.00000,0.70997,-0.70410,0.00750,0.01109,-0.00341,0.01643,-0.00149,
1789832791,0.00020,-0.00168,0.00028,0.71003,-0.70402,0.00805,0.01194,0.00095,0.02250,-0.00259,
1789832791,-0.00026,0.00010,-0.00006,0.70928,-0.70475,0.00816,0.01342,0.00068,0.01654,-0.00080,
1789832791,-0.00028,0.00095,0.00015,0.70982,-0.70419,0.00923,0.01396,0.00380,0.01251,0.00205,
1789832791,-0.00069,0.00235,-0.00011,0.70874,-0.70524,0.00939,0.01514,-0.00455,0.02323,-0.00638,
1789832791,-0.00070,0.00363,-0.00033,0.70859,-0.70535,0.00951,0.01705,-0.00102,0.00506,0.00387,
1789832791,-0.00114,0.00440,0.00005,0.70824,-0.70567,0.00998,0.01822,-0.00180,0.02107,-0.00622,
1789832791,-0.00128,0.00522,-0.00010,0.70824,-0.70563,0.01093,0.01898,0.00413,0.00311,0.00468,
1789832791,-0.00099,0.00573,0.00017,0.70783,-0.70602,0.01164,0.01909,-0.00441,0.01700,-0.00543,
1789832791,-0.00121,0.00634,-0.00022,0.70687,-0.70694,0.01187,0.02049,-0.00261,0.00782,-0.00173,
1789832791,-0.00145,0.00644,-0.00022,0.70698,-0.70680,0.01182,0.02179,-0.00270,0.00238,0.00003,
1789832791,-0.00192,0.00695,-0.00027,0.70656,-0.70720,0.01126,0.02266,-0.00212,0.00873,-0.00458,
1789832792,-0.00206,0.00706,-0.00039,0.70651,-0.70725,0.01152,0.02271,0.00062,-0.00000,-0.00065,
1789832792,-0.00198,0.00716,-0.00039,0.70647,-0.70728,0.01152,0.02289,0.00026,0.00173,-0.00237,
1789832792,-0.00161,0.00532,-0.00017,0.70756,-0.70617,0.01164,0.02323,0.00698,-0.01158,-0.00025,
1789832792,-0.00168,0.00446,0.00006,0.70805,-0.70568,0.01187,0.02326,0.00551,-0.01409,0.00224,
1789832792,-0.00173,0.00356,0.00047,0.70840,-0.70533,0.01232,0.02307,0.00287,-0.01256,0.00499,
1789832792,-0.00138,0.00235,0.00056,0.70906,-0.70466,0.01246,0.02304,0.00513,-0.02147,0.00274,
1789832792,-0.00172,0.00114,0.00102,0.70908,-0.70464,0.01272,0.02295,0.00125,-0.01728,0.00324,
1789832792,-0.00190,-0.00008,0.00115,0.70918,-0.70454,0.01356,0.02227,0.00346,-0.01488,0.00140,
1789832792,-0.00099,-0.00110,0.00061,0.70837,-0.70536,0.01422,0.02173,0.00914,-0.02602,0.00049,
1789832792,-0.00131,-0.00312,0.00103,0.70910,-0.70463,0.01486,0.02131,0.00195,-0.02745,0.00193,
1789832792,-0.00095,-0.00420,0.00115,0.70827,-0.70546,0.01528,0.02116,0.00539,-0.01319,-0.00062,
1789832793,-0.00085,-0.00609,0.00082,0.70905,-0.70467,0.01571,0.02100,0.00204,-0.03655,0.00321,
1789832793,-0.00077,-0.00741,0.00151,0.70843,-0.70529,0.01611,0.02078,0.00067,-0.01117,0.00000,
1789832793,-0.00091,-0.00902,0.00123,0.70884,-0.70487,0.01673,0.02033,0.00675,-0.02952,0.00375,
1789832793,0.00001,-0.01005,0.00148,0.70876,-0.70496,0.01858,0.01883,0.01259,-0.01578,0.00411,
1789832793,0.00079,-0.01102,0.00150,0.70874,-0.70497,0.01970,0.01782,0.01306,-0.00777,0.00100,
1789832793,0.00124,-0.01135,0.00140,0.70839,-0.70531,0.02107,0.01660,0.00477,-0.00323,0.00085,
1789832793,0.00152,-0.01140,0.00135,0.70820,-0.70549,0.02168,0.01616,0.00153,-0.00047,0.00136,
1789832793,0.00125,-0.01116,0.00141,0.70784,-0.70585,0.02217,0.01575,-0.00163,0.00515,0.00002,
1789832793,0.00122,-0.01082,0.00135,0.70764,-0.70605,0.02201,0.01605,-0.00277,0.00624,0.00045,
1789832793,0.00081,-0.01021,0.00123,0.70714,-0.70654,0.02218,0.01625,-0.00168,0.01056,-0.00171,
1789832793,0.00089,-0.00949,0.00083,0.70654,-0.70712,0.02239,0.01668,-0.00163,0.01265,-0.00279,
1789832793,0.00060,-0.00842,0.00075,0.70571,-0.70794,0.02265,0.01709,-0.00189,0.01447,-0.00319,
1789832793,0.00047,-0.00778,0.00063,0.70592,-0.70771,0.02232,0.01812,-0.00175,0.01087,-0.00016,
1789832793,0.00025,-0.00685,0.00049,0.70570,-0.70792,0.02157,0.01952,-0.00978,0.01598,-0.00361,
1789832793,-0.00037,-0.00585,0.00057,0.70568,-0.70792,0.02045,0.02123,-0.00730,0.01607,-0.00119,
1789832794,-0.00101,-0.00435,0.00049,0.70484,-0.70874,0.01988,0.02232,-0.00636,0.02348,-0.00490,
1789832794,-0.00146,-0.00323,0.00017,0.70499,-0.70858,0.01894,0.02337,-0.00799,0.00971,0.00333,
1789832794,-0.00209,-0.00238,0.00058,0.70541,-0.70814,0.01862,0.02410,-0.00366,0.01612,0.00059,
1789832794,-0.00208,-0.00082,0.00052,0.70458,-0.70896,0.01893,0.02399,-0.00157,0.02472,-0.00492,
1789832794,-0.00106,-0.00003,0.00003,0.70408,-0.70946,0.01851,0.02425,-0.00348,0.01180,0.00043,
1789832794,-0.00178,0.00081,0.00002,0.70557,-0.70797,0.01813,0.02473,-0.00268,0.00538,0.00284,
1789832794,-0.00171,0.00202,-0.00007,0.70533,-0.70821,0.01782,0.02532,-0.00241,0.01547,-0.00303,
1789832794,-0.00182,0.00280,-0.00008,0.70540,-0.70812,0.01705,0.02618,-0.00599,0.00690,-0.00001,
1789832794,-0.00223,0.00367,-0.00019,0.70525,-0.70825,0.01618,0.02715,-0.00341,0.01007,-0.00279,
1789832794,-0.00243,0.00446,-0.00040,0.70511,-0.70837,0.01530,0.02817,-0.00655,0.00468,-0.00079,
1789832794,-0.00285,0.00490,-0.00051,0.70540,-0.70806,0.01427,0.02924,-0.00419,-0.00233,0.00261,
1789832794,-0.00319,0.00516,-0.00002,0.70601,-0.70746,0.01420,0.02929,0.00149,0.00780,-0.00431,
1789832794,-0.00323,0.00571,-0.00011,0.70528,-0.70818,0.01381,0.02942,-0.00008,0.00509,-0.00424,
1789832794,-0.00345,0.00595,-0.00027,0.70603,-0.70745,0.01403,0.02898,0.00525,-0.00537,0.00123,
1789832795,-0.00273,0.00599,-0.00022,0.70547,-0.70804,0.01475,0.02788,0.00388,-0.00008,-0.00340,
1789832795,-0.00234,0.00571,-0.00010,0.70534,-0.70819,0.01459,0.02740,0.00304,-0.00536,-0.00242,
1789832795,-0.00213,0.00531,-0.00004,0.70501,-0.70854,0.01453,0.02699,0.00056,-0.00966,-0.00038,
1789832795,-0.00213,0.00479,0.00028,0.70500,-0.70856,0.01420,0.02664,0.00330,-0.01013,-0.00058,
1789832795,-0.00205,0.00407,0.00056,0.70491,-0.70867,0.01386,0.02626,0.00251,-0.01389,-0.00052,
1789832795,-0.00224,0.00321,0.00082,0.70481,-0.70879,0.01356,0.02597,0.00301,-0.01317,-0.00230,
1789832795,-0.00210,0.00217,0.00100,0.70474,-0.70888,0.01350,0.02522,0.00348,-0.02011,-0.00001,
1789832795,-0.00209,0.00102,0.00116,0.70458,-0.70907,0.01288,0.02487,0.00376,-0.02535,0.00189,
1789832795,-0.00204,-0.00011,0.00147,0.70337,-0.71030,0.01235,0.02427,0.00239,-0.00780,-0.00843,
1789832795,-0.00218,-0.00122,0.00113,0.70341,-0.71028,0.01240,0.02367,0.00296,-0.03185,-0.00002,
1789832795,-0.00195,-0.00231,0.00142,0.70279,-0.71093,0.01226,0.02267,0.00370,-0.00632,-0.01092,
1789832795,-0.00192,-0.00392,0.00120,0.70216,-0.71157,0.01198,0.02211,0.00481,-0.03501,0.00324,
1789832795,-0.00194,-0.00538,0.00172,0.70220,-0.71156,0.01216,0.02143,0.00560,-0.00737,-0.00719,
1789832795,-0.00141,-0.00653,0.00153,0.70057,-0.71318,0.01199,0.02072,0.00314,-0.02489,-0.00210,
1789832795,-0.00147,-0.00858,0.00196,0.70151,-0.71228,0.01240,0.01971,0.00462,-0.01425,-0.00234,
1789832796,-0.00104,-0.00977,0.00215,0.70146,-0.71235,0.01347,0.01828,0.00698,-0.00625,-0.00587,
1789832796,-0.00029,-0.01023,0.00204,0.70010,-0.71371,0.01436,0.01638,0.00790,-0.00493,-0.00417,
1789832796,0.00007,-0.01044,0.00214,0.69922,-0.71459,0.01418,0.01587,-0.00113,-0.00106,-0.00243,
1789832796,-0.00002,-0.00997,0.00209,0.69863,-0.71519,0.01361,0.01556,-0.00061,0.01041,-0.00488,
1789832796,0.00005,-0.00916,0.00174,0.69743,-0.71637,0.01314,0.01514,-0.00066,0.01309,-0.00714,
1789832796,-0.00007,-0.00802,0.00146,0.69620,-0.71758,0.01266,0.01479,-0.00219,0.01429,-0.00702,
1789832796,-0.00011,-0.00714,0.00136,0.69577,-0.71801,0.01195,0.01485,-0.00209,0.01487,-0.00486,
1789832796,-0.00015,-0.00599,0.00099,0.69498,-0.71878,0.01152,0.01482,-0.00328,0.01228,-0.00484,
1789832796,-0.00010,-0.00496,0.00089,0.69462,-0.71914,0.01087,0.01526,-0.00316,0.01325,-0.00210,
1789832796,-0.00046,-0.00376,0.00074,0.69409,-0.71964,0.00942,0.01640,-0.00465,0.01305,-0.00138,
1789832796,-0.00118,-0.00281,0.00073,0.69411,-0.71961,0.00758,0.01781,-0.00988,0.01642,-0.00433,
1789832796,-0.00168,-0.00158,0.00040,0.69370,-0.71999,0.00633,0.01857,-0.00454,0.01360,-0.00292,
1789832796,-0.00185,-0.00078,0.00045,0.69455,-0.71917,0.00558,0.01895,-0.00283,0.00549,0.00192,
1789832796,-0.00205,0.00026,0.00066,0.69466,-0.71909,0.00557,0.01813,-0.00015,0.02172,-0.00532,
1789832797,-0.00205,0.00150,0.00015,0.69392,-0.71980,0.00483,0.01826,0.00129,0.00864,-0.00400,
1789832797,-0.00237,0.00232,0.00028,0.69449,-0.71925,0.00372,0.01847,0.00092,0.00715,0.00101,
1789832797,-0.00263,0.00316,0.00013,0.69452,-0.71921,0.00289,0.01899,-0.00124,0.00611,-0.00059,
1789832797,-0.00263,0.00351,0.00036,0.69542,-0.71835,0.00265,0.01890,0.00381,0.00055,0.00238,
1789832797,-0.00252,0.00455,0.00020,0.69454,-0.71922,0.00201,0.01851,0.00305,0.00678,-0.00033,
1789832797,-0.00265,0.00497,-0.00002,0.69484,-0.71893,0.00114,0.01838,-0.00072,0.00048,-0.00184,
1789832797,-0.00282,0.00533,0.00003,0.69512,-0.71865,0.00018,0.01846,0.00288,0.00124,-0.00071,
1789832797,-0.00302,0.00585,-0.00011,0.69512,-0.71866,-0.00049,0.01814,0.00252,0.00123,-0.00271,
1789832797,-0.00240,0.00584,-0.00052,0.69601,-0.71781,-0.00120,0.01775,0.00296,-0.00461,0.00049,
1789832797,-0.00254,0.00563,-0.00019,0.69703,-0.71683,-0.00257,0.01762,-0.00137,-0.00223,-0.00079,
1789832797,-0.00308,0.00586,-0.00018,0.69804,-0.71584,-0.00394,0.01710,0.00135,-0.00388,0.00101,
1789832797,-0.00349,0.00554,-0.00003,0.70001,-0.71393,-0.00485,0.01637,0.00045,-0.00438,0.00037,
1789832797,-0.00334,0.00531,-0.00004,0.70110,-0.71287,-0.00534,0.01549,-0.00055,-0.00925,0.00222,
1789832797,-0.00339,0.00493,0.00017,0.70208,-0.71192,-0.00603,0.01496,-0.00074,-0.00954,0.00187,
1789832797,-0.00363,0.00423,0.00046,0.70366,-0.71036,-0.00638,0.01446,0.00106,-0.01187,0.00260,
1789832798,-0.00346,0.00336,0.00075,0.70443,-0.70960,-0.00668,0.01419,0.00097,-0.01489,0.00338,
1789832798,-0.00349,0.00243,0.00125,0.70544,-0.70860,-0.00705,0.01355,0.00262,-0.00977,-0.00060,
1789832798,-0.00350,0.00144,0.00129,0.70603,-0.70803,-0.00715,0.01270,0.00203,-0.01585,0.00132,
1789832798,-0.00323,0.00044,0.00133,0.70629,-0.70780,-0.00652,0.01138,0.00439,-0.01302,-0.00156,
1789832798,-0.00258,-0.00100,0.00154,0.70656,-0.70755,-0.00584,0.01045,0.00663,-0.02283,0.00498,
1789832798,-0.00221,-0.00194,0.00155,0.70518,-0.70894,-0.00582,0.01008,0.00056,-0.00737,-0.00605,
1789832798,-0.00207,-0.00360,0.00159,0.70618,-0.70795,-0.00526,0.00956,0.00295,-0.03069,0.00750,
1789832798,-0.00200,-0.00462,0.00165,0.70640,-0.70774,-0.00427,0.00880,0.00396,-0.02160,0.00365,
1789832798,-0.00160,-0.00599,0.00182,0.70555,-0.70860,-0.00397,0.00825,0.00246,-0.01640,0.00086,
1789832798,-0.00169,-0.00700,0.00161,0.70532,-0.70883,-0.00355,0.00788,0.00116,-0.02455,0.00466,
1789832798,-0.00146,-0.00846,0.00195,0.70642,-0.70775,-0.00291,0.00731,0.00181,-0.01729,0.00404,
1789832798,-0.00114,-0.00938,0.00209,0.70690,-0.70729,-0.00167,0.00568,0.00507,-0.01031,0.00230,
1789832798,-0.00076,-0.00978,0.00210,0.70640,-0.70780,-0.00054,0.00429,0.00369,-0.00164,-0.00117,
1789832798,0.00039,-0.01013,0.00217,0.70512,-0.70908,0.00050,0.00342,0.00388,-0.00371,0.00227,
1789832798,0.00058,-0.00992,0.00197,0.70375,-0.71043,0.00016,0.00366,0.00007,0.00312,-0.00068,
1789832799,0.00048,-0.00923,0.00185,0.70297,-0.71121,-0.00010,0.00361,0.00065,0.01283,-0.00385,
1789832799,0.00047,-0.00799,0.00154,0.70207,-0.71210,-0.00030,0.00354,0.00056,0.01688,-0.00450,
1789832799,0.00040,-0.00679,0.00091,0.70142,-0.71274,-0.00076,0.00400,-0.00380,0.01396,-0.00308,
1789832799,-0.00002,-0.00582,0.00083,0.70189,-0.71227,-0.00128,0.00465,-0.00174,0.01011,0.00183,
1789832799,-0.00002,-0.00462,0.00102,0.70188,-0.71227,-0.00222,0.00551,-0.00626,0.01976,-0.00426,
1789832799,-0.00062,-0.00322,0.00056,0.70178,-0.71235,-0.00394,0.00692,-0.00570,0.01942,-0.00533,
1789832799,-0.00124,-0.00178,0.00016,0.70195,-0.71217,-0.00509,0.00780,-0.00714,0.01488,-0.00188,
1789832799,-0.00200,-0.00068,0.00008,0.70291,-0.71119,-0.00643,0.00907,-0.00258,0.01047,0.00214,
1789832799,-0.00229,0.00021,0.00039,0.70365,-0.71046,-0.00670,0.00906,-0.00067,0.01978,-0.00354,
1789832799,-0.00222,0.00173,0.00015,0.70308,-0.71102,-0.00723,0.00889,-0.00149,0.02225,-0.00545,
1789832799,-0.00235,0.00276,-0.00017,0.70415,-0.70995,-0.00755,0.00956,-0.00128,0.00222,0.00609,
1789832799,-0.00257,0.00345,0.00014,0.70425,-0.70984,-0.00808,0.00993,-0.00026,0.02108,-0.00557,
1789832799,-0.00261,0.00435,-0.00001,0.70422,-0.70987,-0.00823,0.00999,0.00067,0.00613,0.00138,
1789832799,-0.00259,0.00536,-0.00001,0.70365,-0.71043,-0.00854,0.00989,-0.00097,0.01796,-0.00592,
1789832799,-0.00255,0.00583,-0.00046,0.70386,-0.71020,-0.00900,0.01049,-0.00205,-0.00255,0.00285,
1789832800,-0.00249,0.00592,-0.00021,0.70492,-0.70915,-0.00949,0.01062,-0.00172,0.01309,-0.00822,
1789832800,-0.00290,0.00658,-0.00044,0.70510,-0.70895,-0.01020,0.01065,0.00017,0.00267,-0.00188,
1789832800,-0.00302,0.00656,-0.00050,0.70561,-0.70843,-0.01079,0.01120,-0.00220,0.00021,-0.00270,
1789832800,-0.00319,0.00683,-0.00055,0.70572,-0.70832,-0.01097,0.01107,-0.00090,0.00183,-0.00406,
1789832800,-0.00330,0.00685,-0.00058,0.70590,-0.70813,-0.01128,0.01135,-0.00257,-0.00482,-0.00119,
1789832800,-0.00370,0.00639,-0.00026,0.70656,-0.70746,-0.01166,0.01178,-0.00193,-0.00360,-0.00210,
1789832800,-0.00354,0.00605,-0.00021,0.70645,-0.70757,-0.01165,0.01170,-0.00200,-0.00911,-0.00012,
1789832800,-0.00350,0.00549,0.00003,0.70704,-0.70699,-0.01161,0.01155,0.00027,-0.00959,-0.00044,
1789832800,-0.00340,0.00455,0.00025,0.70735,-0.70668,-0.01155,0.01152,-0.00074,-0.01436,0.00032,
1789832800,-0.00333,0.00350,0.00059,0.70788,-0.70615,-0.01150,0.01143,0.00221,-0.01526,-0.00019,
1789832800,-0.00319,0.00244,0.00108,0.70785,-0.70619,-0.01146,0.01054,0.00266,-0.00568,-0.00643,
1789832800,-0.00301,0.00180,0.00051,0.70628,-0.70776,-0.01121,0.01058,0.00343,-0.02199,0.00000,
1789832800,-0.00279,0.00037,0.00087,0.70721,-0.70685,-0.01034,0.00995,0.00510,-0.01123,-0.00421,
1789832800,-0.00218,-0.00043,0.00048,0.70500,-0.70907,-0.00987,0.00981,-0.00123,-0.02173,-0.00059,
1789832800,-0.00206,-0.00210,0.00072,0.70650,-0.70759,-0.00889,0.00971,0.00346,-0.01984,0.00038,
1789832801,-0.00163,-0.00308,0.00086,0.70567,-0.70844,-0.00831,0.00872,0.00113,-0.01252,-0.00347,
1789832801,-0.00118,-0.00449,0.00109,0.70518,-0.70893,-0.00822,0.00801,0.00059,-0.01544,-0.00232,
1789832801,-0.00139,-0.00542,0.00077,0.70532,-0.70880,-0.00778,0.00835,0.00007,-0.02202,0.00088,
1789832801,-0.00145,-0.00680,0.00125,0.70666,-0.70747,-0.00742,0.00810,0.00213,-0.01125,-0.00047,
1789832801,-0.00118,-0.00735,0.00139,0.70637,-0.70778,-0.00621,0.00610,0.00811,-0.00619,-0.00297,
1789832801,-0.00038,-0.00796,0.00140,0.70451,-0.70966,-0.00499,0.00548,0.00506,-0.00798,-0.00246,
1789832801,-0.00013,-0.00835,0.00142,0.70499,-0.70919,-0.00415,0.00544,0.00187,-0.00529,-0.00076,
1789832801,-0.00000,-0.00848,0.00138,0.70512,-0.70905,-0.00420,0.00548,0.00098,0.00025,-0.00199,
1789832801,0.00000,-0.00808,0.00119,0.70497,-0.70920,-0.00431,0.00532,0.00108,0.00640,-0.00392,
1789832801,-0.00013,-0.00737,0.00107,0.70460,-0.70957,-0.00440,0.00529,-0.00151,0.00963,-0.00420,
1789832801,-0.00016,-0.00650,0.00082,0.70407,-0.71009,-0.00462,0.00543,-0.00059,0.01109,-0.00460,
1789832801,-0.00029,-0.00560,0.00063,0.70377,-0.71038,-0.00495,0.00578,-0.00060,0.01155,-0.00443,
1789832801,-0.00006,-0.00475,0.00044,0.70364,-0.71052,-0.00512,0.00613,-0.00438,0.00863,-0.00254,
1789832801,-0.00041,-0.00381,0.00039,0.70367,-0.71048,-0.00573,0.00632,-0.00580,0.01398,-0.00413,
1789832801,-0.00067,-0.00275,0.00001,0.70325,-0.71089,-0.00582,0.00634,-0.00164,0.00909,-0.00215,
1789832802,-0.00056,-0.00191,-0.00009,0.70324,-0.71089,-0.00671,0.00666,-0.00508,0.01763,-0.00620,
1789832802,-0.00078,-0.00116,-0.00034,0.70317,-0.71093,-0.00787,0.00768,-0.00676,0.00442,0.00013,
1789832802,-0.00135,-0.00028,-0.00038,0.70325,-0.71082,-0.00933,0.00969,-0.00876,0.00955,-0.00155,
1789832802,-0.00190,0.00066,-0.00030,0.70362,-0.71042,-0.01084,0.01083,-0.00668,0.01575,-0.00482,
1789832802,-0.00225,0.00171,-0.00049,0.70393,-0.71007,-0.01164,0.01183,-0.00224,0.00290,0.00188,
1789832802,-0.00257,0.00247,-0.00017,0.70485,-0.70917,-0.01151,0.01189,0.00314,0.01325,-0.00066,
1789832802,-0.00212,0.00353,-0.00026,0.70402,-0.71000,-0.01205,0.01070,0.00127,0.01724,-0.00572,
1789832802,-0.00243,0.00466,-0.00067,0.70426,-0.70974,-0.01236,0.01130,0.00174,-0.00257,0.00301,
1789832802,-0.00244,0.00537,-0.00048,0.70445,-0.70955,-0.01251,0.01200,0.00374,0.01110,0.00094,
1789832802,-0.00262,0.00594,-0.00039,0.70517,-0.70883,-0.01252,0.01151,0.00057,0.00291,0.00147,
1789832802,-0.00250,0.00673,-0.00052,0.70458,-0.70940,-0.01339,0.01177,0.00039,0.00648,-0.00040,
1789832802,-0.00265,0.00699,-0.00048,0.70472,-0.70922,-0.01476,0.01260,-0.00309,0.00511,-0.00264,
1789832802,-0.00278,0.00754,-0.00054,0.70496,-0.70898,-0.01478,0.01258,-0.00099,0.00173,-0.00131,
1789832802,-0.00280,0.00807,-0.00060,0.70452,-0.70940,-0.01522,0.01305,0.00078,0.00276,-0.00084,
1789832802,-0.00311,0.00833,-0.00067,0.70448,-0.70940,-0.01610,0.01413,-0.00070,-0.00176,-0.00045,
1789832803,-0.00385,0.00857,-0.00045,0.70500,-0.70884,-0.01725,0.01501,-0.00370,0.00276,-0.00001,
1789832803,-0.00408,0.00896,-0.00064,0.70512,-0.70870,-0.01768,0.01536,0.00012,-0.00355,0.00113,
1789832803,-0.00413,0.00900,-0.00069,0.70733,-0.70647,-0.01851,0.01534,-0.00351,0.00547,-0.00365,
1789832803,-0.00466,0.00940,-0.00075,0.70770,-0.70609,-0.01917,0.01509,-0.00538,-0.00011,0.00017,
1789832803,-0.00519,0.00944,-0.00031,0.70937,-0.70441,-0.01942,0.01481,-0.00263,0.00300,0.00083,
1789832803,-0.00487,0.00972,-0.00039,0.70808,-0.70571,-0.01930,0.01465,-0.00572,0.00255,0.00014,
1789832803,-0.00486,0.00979,-0.00035,0.70810,-0.70569,-0.01964,0.01484,-0.00394,0.00421,-0.00080,
1789832803,-0.00490,0.00999,-0.00035,0.70816,-0.70562,-0.01988,0.01489,-0.00265,0.00136,0.00105,
1789832803,-0.00495,0.00995,-0.00034,0.70832,-0.70545,-0.01981,0.01496,-0.00095,0.00294,-0.00070,
1789832803,-0.00487,0.00993,-0.00035,0.70806,-0.70571,-0.01987,0.01491,-0.00199,0.00164,0.00006,
1789832803,-0.00486,0.00994,-0.00026,0.70833,-0.70544,-0.01990,0.01498,-0.00140,0.00220,0.00062,
1789832803,-0.00484,0.00975,-0.00023,0.70855,-0.70522,-0.01978,0.01515,-0.00068,0.00210,0.00031,
1789832803,-0.00480,0.00956,-0.00018,0.70856,-0.70521,-0.01971,0.01521,-0.00076,0.00196,0.00053,
1789832803,-0.00469,0.00943,-0.00008,0.70856,-0.70521,-0.01966,0.01526,0.00009,0.00131,0.00066,
1789832803,-0.00463,0.00911,-0.00005,0.70896,-0.70481,-0.01943,0.01548,0.00024,0.00075,0.00053,
1789832804,-0.00455,0.00878,0.00005,0.70921,-0.70456,-0.01927,0.01557,0.00050,0.00004,0.00093,
1789832804,-0.00438,0.00846,0.00015,0.70962,-0.70416,-0.01916,0.01551,0.00104,-0.00112,0.00139,
1789832804,-0.00435,0.00792,0.00033,0.71014,-0.70364,-0.01873,0.01533,0.00186,-0.00104,-0.00052,
1789832804,-0.00401,0.00715,0.00048,0.70993,-0.70386,-0.01856,0.01516,0.00153,-0.00630,0.00160,
1789832804,-0.00391,0.00652,0.00066,0.71060,-0.70319,-0.01825,0.01518,0.00134,-0.00593,0.00118,
1789832804,-0.00359,0.00629,0.00062,0.71078,-0.70305,-0.01742,0.01439,0.00516,-0.00758,0.00215,
1789832804,-0.00330,0.00492,0.00100,0.71020,-0.70367,-0.01659,0.01356,-0.00028,0.00285,-0.00630,
1789832804,-0.00344,0.00427,0.00066,0.71031,-0.70357,-0.01650,0.01359,0.00168,-0.01167,-0.00035,
1789832804,-0.00287,0.00186,0.00043,0.71047,-0.70345,-0.01374,0.01390,0.00378,-0.01425,0.00075,
1789832804,-0.00289,-0.00088,0.00090,0.71206,-0.70189,-0.01252,0.01280,0.00452,-0.00559,-0.00097,
1789832805,-0.00168,-0.00379,0.00038,0.71024,-0.70374,-0.01138,0.01355,0.00372,-0.01651,0.00089,
1789832805,-0.00112,-0.00506,0.00091,0.71155,-0.70248,-0.00900,0.01165,0.00374,-0.00303,-0.00090,
1789832805,-0.00066,-0.00587,0.00106,0.71149,-0.70257,-0.00843,0.01060,0.00352,-0.00350,-0.00083,
1789832805,-0.00016,-0.00639,0.00114,0.71158,-0.70249,-0.00717,0.01051,0.00423,-0.00170,-0.00121,
1789832805,0.00017,-0.00685,0.00124,0.71149,-0.70259,-0.00581,0.01062,0.00434,-0.00120,-0.00023,
1789832805,0.00062,-0.00655,0.00109,0.71081,-0.70328,-0.00427,0.01125,0.00206,0.00878,-0.00276,
1789832805,0.00067,-0.00395,0.00037,0.70938,-0.70471,-0.00413,0.01221,0.00061,0.01439,-0.00304,
1789832805,0.00019,-0.00138,0.00027,0.70933,-0.70471,-0.00560,0.01407,-0.00072,0.01564,-0.00229,
1789832806,-0.00050,-0.00000,0.00025,0.70947,-0.70454,-0.00717,0.01486,-0.00244,0.01738,-0.00356,
1789832806,-0.00123,0.00136,0.00007,0.70950,-0.70445,-0.00870,0.01686,-0.00706,0.01079,-0.00116,
1789832806,-0.00237,0.00240,0.00004,0.70967,-0.70422,-0.00993,0.01844,-0.00356,0.01500,-0.00086,
1789832806,-0.00351,0.00423,0.00015,0.71165,-0.70216,-0.01120,0.02004,0.00066,0.00736,0.00210,
1789832806,-0.00359,0.00656,-0.00000,0.71056,-0.70324,-0.01125,0.02077,0.00073,0.01754,-0.00179,
1789832806,-0.00311,0.00687,-0.00004,0.71116,-0.70258,-0.00993,0.02330,0.00100,0.00211,0.00482,
1789832806,-0.00372,0.00771,0.00077,0.71192,-0.70175,-0.00946,0.02506,-0.00354,0.01444,-0.00038,
1789832806,-0.00380,0.00882,0.00070,0.71144,-0.70221,-0.00984,0.02567,-0.00385,0.00803,0.00291,
1789832806,-0.00411,0.00948,0.00072,0.71134,-0.70226,-0.01066,0.02683,-0.00395,0.01280,-0.00101,
1789832806,-0.00447,0.01021,0.00050,0.71144,-0.70210,-0.01143,0.02772,-0.00411,0.00388,0.00332,
1789832806,-0.00515,0.01090,0.00116,0.71263,-0.70087,-0.01209,0.02821,-0.00033,0.01508,-0.00266,
1789832806,-0.00555,0.01167,0.00132,0.71356,-0.69997,-0.01182,0.02705,-0.00004,0.00325,0.00250,
1789832807,-0.00512,0.01217,0.00123,0.71280,-0.70075,-0.01171,0.02684,-0.00295,0.00979,-0.00188,
1789832807,-0.00534,0.01244,0.00101,0.71295,-0.70058,-0.01234,0.02720,-0.00202,0.00271,0.00073,
1789832807,-0.00519,0.01286,0.00090,0.71259,-0.70094,-0.01249,0.02735,-0.00058,0.00594,-0.00171,
1789832807,-0.00504,0.01292,0.00099,0.71207,-0.70146,-0.01255,0.02751,-0.00224,0.00050,0.00057,
1789832807,-0.00494,0.01260,0.00116,0.71192,-0.70156,-0.01248,0.02878,-0.00309,-0.00067,0.00193,
1789832807,-0.00504,0.01244,0.00124,0.71247,-0.70098,-0.01242,0.02925,-0.00163,-0.00385,0.00182,
1789832807,-0.00523,0.01248,0.00136,0.71260,-0.70085,-0.01237,0.02920,0.00023,-0.00122,0.00032,
1789832807,-0.00537,0.01188,0.00151,0.71244,-0.70102,-0.01259,0.02918,-0.00088,-0.00561,0.00109,
1789832807,-0.00562,0.01153,0.00164,0.71288,-0.70056,-0.01270,0.02907,-0.00164,-0.00698,0.00153,
1789832807,-0.00563,0.01091,0.00183,0.71329,-0.70015,-0.01271,0.02902,-0.00072,-0.00914,0.00175,
1789832807,-0.00551,0.01010,0.00195,0.71379,-0.69965,-0.01268,0.02868,0.00155,-0.00894,0.00033,
1789832807,-0.00536,0.00929,0.00219,0.71391,-0.69956,-0.01244,0.02803,0.00029,-0.01290,0.00271,
1789832807,-0.00536,0.00873,0.00209,0.71385,-0.69965,-0.01216,0.02753,-0.00001,-0.01223,-0.00061,
1789832808,-0.00502,0.00759,0.00219,0.71362,-0.69990,-0.01196,0.02705,0.00104,-0.01063,-0.00243,
1789832808,-0.00483,0.00647,0.00213,0.71363,-0.69992,-0.01145,0.02669,0.00226,-0.02572,0.00502,
1789832808,-0.00476,0.00542,0.00236,0.71374,-0.69981,-0.01120,0.02671,-0.00282,-0.00380,-0.00635,
1789832808,-0.00436,0.00450,0.00164,0.71253,-0.70106,-0.01138,0.02624,0.00013,-0.02536,0.00034,
1789832808,-0.00445,0.00304,0.00217,0.71467,-0.69888,-0.01020,0.02649,-0.00207,-0.00986,-0.00336,
1789832808,-0.00382,0.00219,0.00182,0.71201,-0.70162,-0.01015,0.02593,-0.00033,-0.01496,-0.00371,
1789832808,-0.00384,0.00054,0.00216,0.71450,-0.69911,-0.00945,0.02558,-0.00162,-0.01235,-0.00443,
1789832808,-0.00341,-0.00018,0.00192,0.71413,-0.69954,-0.00780,0.02455,0.00461,-0.02079,0.00046,
1789832808,-0.00259,-0.00189,0.00216,0.71268,-0.70105,-0.00620,0.02394,-0.00038,-0.00566,-0.00551,
1789832808,-0.00256,-0.00334,0.00209,0.71337,-0.70037,-0.00603,0.02353,0.00295,-0.01818,-0.00125,
1789832808,-0.00189,-0.00475,0.00217,0.71357,-0.70020,-0.00481,0.02286,0.00255,-0.01388,-0.00149,
1789832808,-0.00149,-0.00618,0.00242,0.71374,-0.70004,-0.00409,0.02222,0.00093,-0.02002,0.00163,
1789832808,-0.00119,-0.00687,0.00233,0.71398,-0.69987,-0.00161,0.02027,0.00218,-0.00482,-0.00020,
1789832808,-0.00020,-0.00738,0.00215,0.71284,-0.70107,-0.00090,0.01927,0.00580,0.00157,-0.00219,
1789832809,-0.00013,-0.00686,0.00203,0.71216,-0.70176,-0.00058,0.01893,-0.00193,0.01318,-0.00314,
1789832809,-0.00043,-0.00493,0.00103,0.71010,-0.70383,-0.00034,0.01942,-0.00066,0.01582,-0.00497,
1789832809,-0.00023,-0.00357,0.00043,0.70970,-0.70422,-0.00095,0.02021,-0.00590,0.01278,-0.00292,
1789832809,-0.00081,-0.00260,0.00044,0.70967,-0.70420,-0.00216,0.02157,-0.00619,0.01184,-0.00117,
1789832809,-0.00220,-0.00079,0.00026,0.71011,-0.70368,-0.00424,0.02380,-0.00383,0.00605,0.00282,
1789832809,-0.00304,0.00151,0.00052,0.71042,-0.70335,-0.00468,0.02417,-0.00179,0.02096,-0.00351,
1789832809,-0.00490,0.00439,0.00040,0.71113,-0.70246,-0.00851,0.02756,-0.00223,0.01324,0.00089,
1789832809,-0.00459,0.00644,0.00069,0.71052,-0.70308,-0.00880,0.02772,-0.00749,0.02186,-0.00422,
1789832810,-0.00449,0.00718,0.00073,0.71109,-0.70245,-0.00959,0.02866,-0.00476,0.00969,0.00229,
1789832810,-0.00510,0.00887,0.00075,0.71077,-0.70278,-0.00928,0.02851,-0.00250,0.01550,-0.00142,
1789832810,-0.00509,0.00960,0.00072,0.71057,-0.70297,-0.00966,0.02885,-0.00560,0.01344,-0.00150,
1789832810,-0.00563,0.01040,0.00056,0.71008,-0.70333,-0.01190,0.03121,-0.00762,0.00865,-0.00058,
1789832810,-0.00750,0.01233,0.00099,0.71233,-0.70099,-0.01336,0.03196,-0.00319,0.00743,-0.00038,
1789832810,-0.00649,0.01303,0.00097,0.71112,-0.70228,-0.01266,0.03086,-0.00018,0.00094,0.00179,
1789832810,-0.00654,0.01334,0.00103,0.71069,-0.70270,-0.01258,0.03123,-0.00285,0.00043,0.00002,
1789832810,-0.00677,0.01326,0.00116,0.71099,-0.70239,-0.01276,0.03131,-0.00142,-0.00262,0.00066,
1789832811,-0.00664,0.01211,0.00138,0.71108,-0.70229,-0.01271,0.03142,0.00069,-0.00915,0.00166,
1789832811,-0.00663,0.00969,0.00203,0.71268,-0.70069,-0.01235,0.03121,0.00230,-0.00843,-0.00195,
1789832811,-0.00636,0.00895,0.00165,0.71238,-0.70102,-0.01209,0.03076,0.00360,-0.01872,0.00123,
1789832811,-0.00556,0.00778,0.00173,0.71190,-0.70155,-0.01106,0.03000,-0.00114,-0.00665,-0.00519,
1789832811,-0.00541,0.00463,0.00217,0.71230,-0.70110,-0.01231,0.03044,-0.00136,-0.00821,-0.00594,
1789832811,-0.00520,0.00200,0.00212,0.71265,-0.70083,-0.01125,0.02900,0.00476,-0.01236,-0.00443,
1789832811,-0.00452,0.00099,0.00197,0.71205,-0.70148,-0.01028,0.02839,-0.00092,-0.01085,-0.00583,
1789832811,-0.00367,-0.00157,0.00183,0.71152,-0.70208,-0.00900,0.02725,0.00097,-0.01426,-0.00312,
1789832812,-0.00222,-0.00401,0.00190,0.71053,-0.70322,-0.00516,0.02451,0.00190,0.00126,-0.00313,
1789832812,-0.00253,-0.00401,0.00176,0.71063,-0.70312,-0.00482,0.02450,-0.00244,0.00430,-0.00307,
1789832812,-0.00256,-0.00289,0.00152,0.70989,-0.70386,-0.00486,0.02474,-0.00072,0.00914,-0.00431,
1789832812,-0.00274,-0.00111,0.00089,0.70896,-0.70478,-0.00485,0.02509,-0.00201,0.00879,-0.00320,
1789832812,-0.00282,-0.00046,0.00078,0.70873,-0.70498,-0.00557,0.02607,-0.00411,0.00937,-0.00172,
1789832812,-0.00356,0.00058,0.00071,0.70921,-0.70443,-0.00657,0.02748,-0.00330,0.00338,0.00170,
1789832812,-0.00382,0.00162,0.00096,0.70952,-0.70410,-0.00657,0.02800,-0.00410,0.01197,-0.00052,
1789832813,-0.00435,0.00247,0.00108,0.70959,-0.70398,-0.00814,0.02886,-0.00246,0.01390,-0.00200,
1789832813,-0.00434,0.00413,0.00034,0.70899,-0.70455,-0.00894,0.02934,-0.00188,0.00426,-0.00065,
1789832813,-0.00543,0.00487,0.00098,0.71062,-0.70285,-0.00944,0.03053,-0.00588,0.00909,0.00217,
1789832813,-0.00494,0.00574,0.00085,0.71057,-0.70289,-0.00959,0.03071,0.00097,0.00919,0.00045,
1789832813,-0.00539,0.00666,0.00079,0.71001,-0.70345,-0.00990,0.03091,-0.00133,0.01029,-0.00056,
1789832813,-0.00569,0.00740,0.00092,0.70986,-0.70357,-0.01074,0.03121,-0.00501,0.01425,-0.00412,
1789832813,-0.00586,0.00864,0.00051,0.70927,-0.70413,-0.01149,0.03181,-0.00259,0.00451,-0.00088,
1789832813,-0.00713,0.00981,0.00085,0.71018,-0.70310,-0.01284,0.03371,-0.00791,0.00988,0.00065,
1789832813,-0.00708,0.01054,0.00088,0.71100,-0.70226,-0.01340,0.03355,0.00002,0.01161,-0.00243,
1789832814,-0.00659,0.01119,0.00064,0.71103,-0.70224,-0.01380,0.03326,0.00014,0.00560,-0.00381,
1789832814,-0.00636,0.01211,0.00025,0.71027,-0.70299,-0.01402,0.03366,0.00276,0.00419,-0.00305,
1789832814,-0.00683,0.01239,0.00039,0.71034,-0.70286,-0.01439,0.03444,0.00194,0.00083,-0.00057,
1789832814,-0.00752,0.01241,0.00094,0.71095,-0.70217,-0.01571,0.03550,-0.00194,0.00199,-0.00069,
1789832814,-0.00780,0.01273,0.00083,0.71203,-0.70107,-0.01626,0.03535,-0.00219,-0.00634,0.00457,
1789832814,-0.00812,0.01267,0.00117,0.71264,-0.70046,-0.01658,0.03511,-0.00420,-0.00237,0.00190,
1789832814,-0.00796,0.01203,0.00140,0.71333,-0.69976,-0.01683,0.03499,-0.00223,-0.01008,0.00422,
1789832814,-0.00773,0.01122,0.00140,0.71389,-0.69919,-0.01684,0.03484,-0.00189,-0.01314,0.00378,
1789832814,-0.00781,0.01026,0.00160,0.71468,-0.69838,-0.01694,0.03481,-0.00141,-0.01574,0.00370,
1789832814,-0.00770,0.00944,0.00190,0.71483,-0.69825,-0.01666,0.03434,-0.00030,-0.01307,0.00046,
1789832814,-0.00738,0.00813,0.00219,0.71500,-0.69809,-0.01656,0.03409,-0.00042,-0.01322,0.00025,
1789832814,-0.00723,0.00725,0.00198,0.71514,-0.69801,-0.01581,0.03330,0.00469,-0.01696,0.00264,
1789832814,-0.00700,0.00636,0.00197,0.71473,-0.69849,-0.01515,0.03244,0.00192,-0.01484,0.00129,
1789832815,-0.00593,0.00494,0.00222,0.71392,-0.69936,-0.01470,0.03158,-0.00150,-0.01011,-0.00193,
1789832815,-0.00589,0.00378,0.00193,0.71514,-0.69810,-0.01420,0.03196,-0.00275,-0.02500,0.00488,
1789832815,-0.00605,0.00306,0.00204,0.71521,-0.69807,-0.01330,0.03152,0.00431,-0.01299,0.00237,
1789832815,-0.00530,0.00209,0.00215,0.71468,-0.69871,-0.01241,0.02972,-0.00263,-0.01140,-0.00057,
1789832815,-0.00476,0.00119,0.00196,0.71368,-0.69974,-0.01260,0.02928,-0.00471,-0.00866,-0.00294,
1789832815,-0.00485,-0.00041,0.00200,0.71496,-0.69843,-0.01252,0.02952,0.00012,-0.01596,0.00245,
1789832815,-0.00501,-0.00103,0.00209,0.71493,-0.69846,-0.01217,0.02957,0.00277,-0.01390,0.00402,
1789832815,-0.00483,-0.00154,0.00208,0.71434,-0.69912,-0.01158,0.02874,0.00161,-0.00592,-0.00051,
1789832815,-0.00398,-0.00223,0.00199,0.71380,-0.69971,-0.01073,0.02778,-0.00018,-0.00514,-0.00051,
1789832815,-0.00370,-0.00269,0.00189,0.71417,-0.69935,-0.01019,0.02764,-0.00122,-0.00214,0.00161,
1789832815,-0.00364,-0.00244,0.00191,0.71417,-0.69934,-0.01015,0.02786,-0.00177,0.00270,0.00081,
1789832815,-0.00365,-0.00200,0.00153,0.71355,-0.70000,-0.01100,0.02695,-0.00033,0.00615,-0.00081,
1789832815,-0.00377,-0.00115,0.00116,0.71277,-0.70080,-0.01184,0.02634,-0.00062,0.00871,-0.00226,
1789832816,-0.00389,-0.00016,0.00090,0.71207,-0.70150,-0.01278,0.02624,-0.00101,0.00866,-0.00195,
1789832816,-0.00460,0.00142,0.00074,0.71152,-0.70202,-0.01390,0.02663,-0.00107,0.01283,-0.00352,
1789832816,-0.00464,0.00239,0.00037,0.71106,-0.70249,-0.01393,0.02665,-0.00237,0.00889,-0.00083,
1789832816,-0.00466,0.00266,0.00049,0.71192,-0.70163,-0.01367,0.02644,-0.00176,0.00620,0.00095,
1789832816,-0.00492,0.00382,0.00027,0.71116,-0.70233,-0.01499,0.02761,-0.00445,0.00793,0.00012,
1789832816,-0.00568,0.00504,0.00029,0.71094,-0.70246,-0.01657,0.02907,-0.00837,0.00919,0.00066,
1789832816,-0.00646,0.00639,0.00022,0.71086,-0.70243,-0.01807,0.03082,-0.00660,0.01165,-0.00083,
1789832816,-0.00788,0.00862,0.00056,0.71250,-0.70070,-0.01914,0.03153,-0.00432,0.00640,0.00414,
1789832816,-0.00798,0.01018,0.00053,0.71109,-0.70211,-0.01967,0.03159,-0.00732,0.01719,-0.00101,
1789832816,-0.00793,0.01050,0.00095,0.71089,-0.70231,-0.02001,0.03161,-0.00903,0.01608,-0.00321,
1789832816,-0.00809,0.01133,0.00071,0.71056,-0.70261,-0.02029,0.03205,-0.00595,0.00534,0.00304,
1789832817,-0.00831,0.01201,0.00086,0.71057,-0.70262,-0.02019,0.03185,-0.00248,0.01153,-0.00213,
1789832817,-0.00846,0.01261,0.00075,0.71019,-0.70300,-0.02028,0.03188,-0.00179,0.00969,-0.00244,
1789832817,-0.00871,0.01341,0.00054,0.70982,-0.70336,-0.02039,0.03203,-0.00133,0.00403,-0.00115,
1789832817,-0.00862,0.01343,0.00046,0.70975,-0.70343,-0.02035,0.03217,-0.00043,-0.00036,-0.00007,
1789832817,-0.00858,0.01305,0.00051,0.70997,-0.70321,-0.02020,0.03229,-0.00080,-0.00398,0.00100,
1789832817,-0.00854,0.01248,0.00059,0.71028,-0.70289,-0.01997,0.03247,-0.00067,-0.00647,0.00117,
1789832817,-0.00843,0.01177,0.00076,0.71072,-0.70244,-0.01973,0.03260,0.00062,-0.00902,0.00223,
1789832817,-0.00817,0.01090,0.00107,0.71126,-0.70190,-0.01943,0.03262,0.00059,-0.01218,0.00309,
1789832817,-0.00808,0.00976,0.00144,0.71176,-0.70140,-0.01920,0.03282,0.00002,-0.01540,0.00333,
1789832817,-0.00796,0.00807,0.00148,0.71208,-0.70104,-0.01923,0.03338,0.00008,-0.02487,0.00595,
1789832817,-0.00815,0.00616,0.00180,0.71208,-0.70103,-0.01933,0.03347,0.00032,-0.01381,0.00096,
1789832817,-0.00790,0.00452,0.00213,0.71299,-0.70017,-0.01867,0.03242,0.00577,-0.01374,-0.00043,
1789832818,-0.00713,0.00342,0.00207,0.71236,-0.70091,-0.01754,0.03097,0.00274,-0.00983,-0.00338,
1789832818,-0.00633,0.00237,0.00191,0.71151,-0.70179,-0.01758,0.03067,-0.00077,-0.01397,-0.00306,
1789832818,-0.00625,0.00131,0.00178,0.71172,-0.70160,-0.01684,0.03052,0.00192,-0.01262,-0.00150,
1789832818,-0.00624,0.00012,0.00195,0.71229,-0.70105,-0.01603,0.03025,0.00173,-0.01177,-0.00085,
1789832818,-0.00616,-0.00072,0.00220,0.71239,-0.70100,-0.01518,0.02953,0.00254,-0.00665,-0.00120,
1789832818,-0.00578,-0.00122,0.00205,0.71206,-0.70139,-0.01410,0.02869,0.00512,-0.00305,-0.00134,
1789832818,-0.00485,-0.00076,0.00150,0.71050,-0.70305,-0.01229,0.02739,0.00208,0.00545,-0.00026,
1789832818,-0.00513,0.00111,0.00121,0.70889,-0.70467,-0.01233,0.02782,-0.00288,0.01448,-0.00170,
1789832818,-0.00552,0.00294,0.00115,0.70900,-0.70448,-0.01349,0.02916,-0.00570,0.01261,-0.00186,
1789832819,-0.00632,0.00431,0.00112,0.70901,-0.70439,-0.01449,0.03050,-0.00595,0.01091,0.00085,
1789832819,-0.00717,0.00585,0.00100,0.70918,-0.70414,-0.01575,0.03153,-0.00556,0.01631,-0.00109,
1789832819,-0.00670,0.00659,0.00056,0.70923,-0.70402,-0.01708,0.03245,-0.00250,0.01333,-0.00176,
1789832819,-0.00752,0.00733,0.00056,0.71002,-0.70310,-0.01869,0.03417,-0.00469,0.01308,0.00003,
1789832819,-0.00879,0.00875,0.00095,0.71106,-0.70200,-0.01919,0.03494,0.00024,0.01404,0.00108,
1789832819,-0.00824,0.00995,0.00086,0.71061,-0.70251,-0.01856,0.03413,0.00491,0.01860,-0.00195,
1789832819,-0.00814,0.01117,0.00038,0.70962,-0.70346,-0.01945,0.03463,-0.00137,0.01191,-0.00155,
1789832819,-0.00879,0.01145,0.00087,0.71071,-0.70230,-0.02014,0.03540,-0.00291,0.01141,0.00060,
1789832819,-0.00921,0.01283,0.00065,0.71007,-0.70293,-0.02027,0.03563,-0.00007,0.00446,0.00233,
1789832819,-0.00870,0.01302,0.00092,0.71078,-0.70227,-0.01935,0.03498,0.00783,0.00779,0.00207,
1789832819,-0.00844,0.01396,0.00040,0.71012,-0.70291,-0.01992,0.03533,0.00028,-0.00715,0.00081,
1789832819,-0.00922,0.01382,0.00085,0.71073,-0.70227,-0.01981,0.03586,-0.00310,-0.00811,0.00369,
1789832820,-0.00921,0.01236,0.00122,0.71190,-0.70109,-0.01968,0.03589,0.00120,-0.01605,0.00386,
1789832820,-0.00871,0.00943,0.00198,0.71262,-0.70035,-0.01985,0.03580,0.00425,-0.01823,0.00241,
1789832820,-0.00845,0.00795,0.00174,0.71344,-0.69958,-0.01898,0.03508,0.00448,-0.02746,0.00147,
1789832820,-0.00782,0.00689,0.00158,0.71237,-0.70067,-0.01886,0.03516,0.00686,-0.01705,0.00248,
1789832820,-0.00803,0.00551,0.00168,0.71311,-0.69993,-0.01895,0.03483,0.00242,-0.02990,0.00290,
1789832820,-0.00799,0.00438,0.00180,0.71308,-0.69997,-0.01866,0.03478,0.00122,-0.01696,0.00151,
1789832820,-0.00763,0.00297,0.00151,0.71307,-0.69999,-0.01872,0.03475,0.00941,-0.03009,0.00355,
1789832820,-0.00753,0.00121,0.00201,0.71340,-0.69968,-0.01807,0.03442,0.00189,-0.01407,0.00457,
1789832820,-0.00725,0.00088,0.00200,0.71335,-0.69984,-0.01707,0.03269,0.00267,-0.00163,-0.00299,
1789832820,-0.00594,0.00102,0.00143,0.71206,-0.70120,-0.01666,0.03166,0.00826,-0.00328,-0.00199,
1789832820,-0.00624,0.00128,0.00141,0.71205,-0.70122,-0.01643,0.03176,-0.00174,0.00347,-0.00084,
1789832821,-0.00646,0.00197,0.00111,0.71174,-0.70153,-0.01644,0.03179,0.00020,0.00494,-0.00140,
1789832821,-0.00678,0.00291,0.00104,0.71133,-0.70192,-0.01687,0.03222,-0.00153,0.00931,-0.00260,
1789832821,-0.00679,0.00388,0.00072,0.71079,-0.70244,-0.01698,0.03263,-0.00327,0.00750,-0.00215,
1789832821,-0.00708,0.00485,0.00039,0.71053,-0.70265,-0.01734,0.03356,-0.00073,0.00363,0.00173,
1789832821,-0.00785,0.00649,0.00087,0.71116,-0.70195,-0.01832,0.03441,-0.00470,0.01559,0.00116,
1789832821,-0.00827,0.00767,0.00059,0.71085,-0.70219,-0.01947,0.03525,-0.00501,0.01131,-0.00207,
1789832821,-0.00856,0.00851,0.00099,0.71041,-0.70253,-0.02078,0.03659,-0.00657,0.01247,-0.00062,
1789832821,-0.00909,0.00937,0.00115,0.71122,-0.70164,-0.02138,0.03757,-0.00860,0.00415,0.00401,
1789832821,-0.00953,0.01049,0.00145,0.71224,-0.70064,-0.02070,0.03732,-0.00752,0.01536,0.00365,
1789832821,-0.00913,0.01292,0.00100,0.71073,-0.70223,-0.02145,0.03575,0.00532,0.00684,-0.00086,
1789832821,-0.00890,0.01343,0.00127,0.71070,-0.70226,-0.02120,0.03588,0.00378,-0.00110,0.00121,
1789832821,-0.00934,0.01366,0.00124,0.71085,-0.70209,-0.02120,0.03615,-0.00025,-0.00468,0.00003,
1789832822,-0.00936,0.01363,0.00093,0.71099,-0.70195,-0.02115,0.03632,0.00083,-0.01172,0.00044,
1789832822,-0.00933,0.01334,0.00109,0.71133,-0.70160,-0.02089,0.03649,-0.00026,-0.01518,0.00332,
1789832822,-0.00907,0.01263,0.00121,0.71186,-0.70106,-0.02063,0.03662,-0.00017,-0.02007,0.00432,
1789832822,-0.00875,0.01151,0.00137,0.71249,-0.70043,-0.02027,0.03679,0.00314,-0.02396,0.00451,
1789832822,-0.00855,0.01016,0.00185,0.71317,-0.69972,-0.02096,0.03654,-0.00142,-0.02175,0.00380,
1789832822,-0.00859,0.00893,0.00196,0.71334,-0.69955,-0.02078,0.03656,0.00221,-0.03058,0.00285,
1789832822,-0.00803,0.00745,0.00204,0.71310,-0.69984,-0.02017,0.03613,0.00264,-0.02174,-0.00035,
1789832822,-0.00808,0.00587,0.00194,0.71357,-0.69935,-0.02040,0.03614,0.00162,-0.03846,0.00293,
1789832822,-0.00794,0.00442,0.00244,0.71361,-0.69932,-0.01997,0.03613,0.00327,-0.02302,0.00599,
1789832822,-0.00774,0.00325,0.00184,0.71281,-0.70014,-0.02046,0.03601,0.00295,-0.03693,-0.00026,
1789832822,-0.00781,0.00169,0.00234,0.71376,-0.69919,-0.01993,0.03576,-0.00035,-0.02605,0.00408,
1789832822,-0.00681,0.00023,0.00239,0.71380,-0.69930,-0.01904,0.03322,0.00201,-0.00452,-0.00195,
1789832822,-0.00611,0.00083,0.00174,0.71283,-0.70033,-0.01826,0.03277,0.00726,-0.00032,-0.00223,
1789832823,-0.00653,0.00205,0.00157,0.71208,-0.70109,-0.01811,0.03305,0.00186,0.00646,-0.00198,
1789832823,-0.00704,0.00319,0.00136,0.71162,-0.70154,-0.01812,0.03319,-0.00328,0.00527,-0.00068,
1789832823,-0.00729,0.00471,0.00106,0.71102,-0.70196,-0.02063,0.03566,0.00081,0.01030,-0.00359,
1789832823,-0.00943,0.00657,0.00120,0.71224,-0.70064,-0.02149,0.03684,-0.01322,0.00460,0.00278,
1789832823,-0.00840,0.00779,0.00107,0.71119,-0.70170,-0.02122,0.03712,0.00826,0.01510,0.00505,
1789832823,-0.00879,0.00900,0.00077,0.71066,-0.70219,-0.02218,0.03737,-0.00249,0.00130,-0.00000,
1789832823,-0.00983,0.00982,0.00098,0.71240,-0.70038,-0.02318,0.03765,-0.00981,0.00312,0.00366,
1789832823,-0.00934,0.01083,0.00085,0.71213,-0.70072,-0.02258,0.03680,0.00204,0.00238,0.00219,
1789832823,-0.00795,0.01163,0.00074,0.71030,-0.70258,-0.02259,0.03677,0.00757,0.00632,0.00287,
1789832823,-0.00829,0.01215,0.00048,0.71057,-0.70226,-0.02326,0.03712,0.00401,-0.00632,0.00665,
1789832823,-0.00888,0.01286,0.00084,0.71026,-0.70256,-0.02359,0.03725,0.00471,0.00857,-0.00104,
1789832823,-0.00852,0.01264,0.00131,0.71126,-0.70161,-0.02331,0.03627,0.00211,-0.00202,0.00100,
1789832824,-0.00847,0.01201,0.00140,0.71171,-0.70115,-0.02344,0.03622,0.00308,-0.01293,0.00289,
1789832824,-0.00791,0.01049,0.00161,0.71235,-0.70048,-0.02363,0.03630,0.00341,-0.02022,0.00416,
1789832824,-0.00797,0.00865,0.00197,0.71304,-0.69980,-0.02357,0.03614,0.00643,-0.02304,0.00366,
1789832824,-0.00802,0.00731,0.00223,0.71327,-0.69961,-0.02322,0.03554,0.00687,-0.02010,0.00135,
1789832824,-0.00694,0.00316,0.00304,0.71280,-0.70008,-0.02374,0.03514,0.00016,-0.01018,-0.00551,
1789832824,-0.00748,0.00237,0.00229,0.71327,-0.69960,-0.02346,0.03531,0.00862,-0.03516,0.00791,
1789832824,-0.00706,0.00129,0.00228,0.71322,-0.69974,-0.02208,0.03447,0.00793,-0.00757,0.00016,
1789832824,-0.00603,0.00044,0.00254,0.71295,-0.70015,-0.02083,0.03261,0.00042,-0.00080,-0.00203,
1789832824,-0.00514,0.00062,0.00203,0.71224,-0.70097,-0.01970,0.03119,-0.00105,0.00694,-0.00250,
1789832824,-0.00514,0.00121,0.00181,0.71192,-0.70128,-0.01979,0.03139,-0.00388,0.00935,-0.00121,
1789832824,-0.00557,0.00218,0.00165,0.71152,-0.70168,-0.01978,0.03143,-0.00206,0.01316,-0.00254,
1789832824,-0.00551,0.00306,0.00125,0.71080,-0.70239,-0.02004,0.03179,-0.00519,0.00996,0.00000,
1789832825,-0.00591,0.00391,0.00117,0.71061,-0.70250,-0.02094,0.03298,-0.00912,0.00982,0.00241,
1789832825,-0.00666,0.00486,0.00117,0.71069,-0.70231,-0.02241,0.03449,-0.00785,0.01571,0.00010,
1789832825,-0.00724,0.00604,0.00087,0.71037,-0.70254,-0.02349,0.03550,-0.00826,0.01630,-0.00092,
1789832825,-0.00822,0.00726,0.00083,0.71095,-0.70188,-0.02420,0.03640,-0.00519,0.01371,0.00207,
1789832825,-0.00807,0.00823,0.00101,0.71051,-0.70232,-0.02432,0.03643,-0.00482,0.02366,-0.00188,
1789832825,-0.00873,0.00957,0.00078,0.71028,-0.70248,-0.02539,0.03713,-0.00834,0.01883,-0.00290,
1789832825,-0.00934,0.01079,0.00053,0.71051,-0.70221,-0.02574,0.03766,-0.00198,0.01141,0.00273,
1789832825,-0.00949,0.01152,0.00084,0.71137,-0.70137,-0.02520,0.03728,0.00086,0.01138,0.00316,
1789832825,-0.00903,0.01247,0.00063,0.70955,-0.70323,-0.02512,0.03706,-0.00106,0.01489,-0.00209,
1789832825,-0.00908,0.01328,0.00061,0.70935,-0.70340,-0.02551,0.03736,-0.00125,0.00908,0.00087,
1789832825,-0.00971,0.01353,0.00057,0.71012,-0.70256,-0.02620,0.03806,-0.00335,-0.00269,0.00527,
1789832825,-0.00998,0.01370,0.00086,0.71051,-0.70215,-0.02624,0.03836,-0.00164,0.01151,-0.00283,
1789832825,-0.01001,0.01342,0.00094,0.71136,-0.70132,-0.02605,0.03791,0.00265,-0.00621,0.00134,
1789832825,-0.00936,0.01323,0.00094,0.71080,-0.70194,-0.02546,0.03738,0.00163,-0.00524,0.00221,
1789832825,-0.00929,0.01234,0.00120,0.71139,-0.70133,-0.02551,0.03752,-0.00183,-0.01044,0.00074,
1789832826,-0.00912,0.01048,0.00152,0.71266,-0.70004,-0.02526,0.03755,0.00136,-0.02095,0.00292,
1789832826,-0.00905,0.00885,0.00213,0.71351,-0.69922,-0.02485,0.03706,0.00186,-0.01240,-0.00186,
1789832826,-0.00856,0.00699,0.00164,0.71260,-0.70019,-0.02463,0.03659,0.00678,-0.02854,0.00045,
1789832826,-0.00769,0.00523,0.00202,0.71252,-0.70035,-0.02373,0.03564,0.00292,-0.01386,-0.00335,
1789832826,-0.00741,0.00380,0.00180,0.71195,-0.70091,-0.02427,0.03557,0.00186,-0.02189,-0.00391,
1789832826,-0.00766,0.00240,0.00186,0.71352,-0.69932,-0.02323,0.03590,-0.00095,-0.01964,0.00018,
1789832826,-0.00716,0.00165,0.00193,0.71354,-0.69943,-0.02185,0.03447,0.00754,-0.00191,0.00000,
1789832826,-0.00591,0.00122,0.00172,0.71173,-0.70135,-0.02090,0.03332,0.00767,0.00062,-0.00162,
1789832826,-0.00579,0.00092,0.00185,0.71219,-0.70088,-0.02094,0.03347,-0.00015,0.00401,-0.00079,
1789832826,-0.00588,0.00140,0.00181,0.71189,-0.70119,-0.02098,0.03322,-0.00288,0.01500,-0.00286,
1789832826,-0.00608,0.00225,0.00160,0.71160,-0.70148,-0.02121,0.03327,-0.00446,0.01860,-0.00486,
1789832826,-0.00708,0.00516,0.00072,0.71039,-0.70259,-0.02230,0.03472,-0.00543,0.01772,-0.00498,
1789832827,-0.00721,0.00637,0.00057,0.70966,-0.70324,-0.02333,0.03591,-0.00440,0.02217,-0.00249,
1789832827,-0.00870,0.00824,0.00124,0.71142,-0.70136,-0.02449,0.03714,-0.00991,0.02890,-0.00382,
1789832827,-0.01024,0.01106,0.00134,0.71066,-0.70203,-0.02564,0.03820,-0.00547,0.00849,0.00877,
1789832827,-0.00908,0.01296,0.00023,0.71037,-0.70229,-0.02565,0.03879,-0.00242,0.00856,0.00190,
1789832827,-0.01032,0.01383,0.00050,0.71070,-0.70184,-0.02679,0.04003,-0.00583,0.00591,-0.00265,
1789832827,-0.01014,0.01227,0.00079,0.71139,-0.70113,-0.02651,0.04041,-0.00141,-0.01647,0.00444,
1789832828,-0.00943,0.00919,0.00164,0.71254,-0.70003,-0.02592,0.03971,0.00465,-0.02165,0.00574,
1789832828,-0.00893,0.00786,0.00174,0.71243,-0.70020,-0.02548,0.03887,0.00366,-0.01795,0.00141,
1789832828,-0.00839,0.00625,0.00197,0.71270,-0.70001,-0.02459,0.03781,0.00865,-0.02329,0.00221,
1789832828,-0.00787,0.00538,0.00154,0.71124,-0.70151,-0.02439,0.03776,0.00616,-0.02561,0.00215,
1789832828,-0.00787,0.00328,0.00212,0.71262,-0.70006,-0.02488,0.03824,0.00052,-0.02219,0.00281,
1789832828,-0.00789,0.00209,0.00236,0.71320,-0.69971,-0.02247,0.03525,-0.00527,-0.00043,-0.00030,
1789832828,-0.00620,0.00195,0.00181,0.71146,-0.70152,-0.02180,0.03489,0.00599,0.00172,-0.00207,
1789832828,-0.00645,0.00263,0.00167,0.71105,-0.70194,-0.02182,0.03481,0.00145,0.01011,-0.00364,
1789832828,-0.00653,0.00350,0.00142,0.71049,-0.70250,-0.02181,0.03496,-0.00149,0.01387,-0.00312,
1789832828,-0.00667,0.00447,0.00111,0.70992,-0.70305,-0.02194,0.03539,-0.00295,0.01232,-0.00182,
1789832828,-0.00749,0.00554,0.00108,0.71002,-0.70289,-0.02250,0.03621,-0.01000,0.01331,0.00140,
1789832829,-0.00846,0.00744,0.00076,0.70959,-0.70312,-0.02467,0.03858,-0.00794,0.01297,0.00088,
1789832829,-0.00959,0.00985,0.00097,0.71026,-0.70242,-0.02541,0.03851,-0.00930,0.01655,0.00057,
1789832829,-0.00908,0.01097,0.00028,0.70915,-0.70352,-0.02581,0.03871,0.00003,0.01037,-0.00005,
1789832829,-0.00952,0.01162,0.00105,0.71051,-0.70209,-0.02652,0.03922,-0.00082,0.00934,0.00119,
1789832829,-0.00922,0.01231,0.00069,0.71024,-0.70240,-0.02610,0.03893,0.00283,0.00155,0.00035,
1789832829,-0.00906,0.01248,0.00073,0.70987,-0.70275,-0.02620,0.03932,0.00288,-0.00242,0.00151,
1789832829,-0.00960,0.01229,0.00097,0.71013,-0.70244,-0.02653,0.03982,0.00200,-0.00231,0.00129,
1789832829,-0.00980,0.01197,0.00104,0.71051,-0.70207,-0.02650,0.03967,0.00079,-0.00992,0.00202,
1789832829,-0.00925,0.01141,0.00115,0.71075,-0.70183,-0.02616,0.03982,0.00638,-0.01290,0.00539,
1789832829,-0.00921,0.00977,0.00167,0.71177,-0.70078,-0.02619,0.04001,0.00265,-0.01682,0.00371,
1789832829,-0.00930,0.00848,0.00205,0.71235,-0.70020,-0.02635,0.03989,-0.00018,-0.01516,0.00138,
1789832829,-0.00884,0.00736,0.00203,0.71199,-0.70062,-0.02597,0.03918,0.00453,-0.01496,-0.00100,
1789832830,-0.00810,0.00453,0.00144,0.71189,-0.70074,-0.02580,0.03884,0.00149,-0.01948,-0.00336,
1789832830,-0.00809,0.00322,0.00207,0.71277,-0.69986,-0.02507,0.03906,0.00348,-0.01002,0.00249,
1789832830,-0.00819,0.00285,0.00239,0.71303,-0.69970,-0.02395,0.03777,-0.00300,0.00277,0.00062,
1789832830,-0.00707,0.00302,0.00189,0.71185,-0.70100,-0.02288,0.03677,0.00876,0.00377,-0.00101,
1789832830,-0.00703,0.00340,0.00167,0.71156,-0.70129,-0.02291,0.03690,0.00444,0.00891,-0.00201,
1789832830,-0.00715,0.00409,0.00155,0.71110,-0.70175,-0.02262,0.03694,0.00048,0.01386,-0.00211,
1789832830,-0.00753,0.00482,0.00151,0.71089,-0.70196,-0.02255,0.03711,-0.00543,0.01750,-0.00139,
1789832830,-0.00723,0.00577,0.00109,0.71026,-0.70259,-0.02267,0.03722,-0.00077,0.01677,-0.00003,
1789832830,-0.00787,0.00669,0.00105,0.70999,-0.70279,-0.02349,0.03803,-0.00791,0.02034,-0.00000,
1789832830,-0.00808,0.00760,0.00080,0.70964,-0.70306,-0.02421,0.03914,-0.00056,0.01716,0.00004,
1789832830,-0.00928,0.00846,0.00104,0.71013,-0.70244,-0.02578,0.04046,-0.01308,0.01978,0.00304,
1789832830,-0.00981,0.00958,0.00070,0.71023,-0.70228,-0.02650,0.04095,-0.01269,0.01769,-0.00024,
1789832831,-0.00980,0.01093,0.00087,0.71025,-0.70228,-0.02588,0.04088,-0.00672,0.02080,0.00084,
1789832831,-0.00976,0.01242,0.00029,0.70919,-0.70328,-0.02649,0.04173,-0.00190,0.01259,-0.00071,
1789832831,-0.01018,0.01299,0.00043,0.70911,-0.70325,-0.02741,0.04301,-0.00303,0.01307,0.00343,
1789832831,-0.01154,0.01441,0.00038,0.70909,-0.70321,-0.02803,0.04363,-0.00918,0.01146,0.00221,
1789832831,-0.01132,0.01448,0.00063,0.71052,-0.70188,-0.02707,0.04228,-0.00701,0.00602,0.00571,
1789832831,-0.00940,0.01458,0.00036,0.70858,-0.70388,-0.02643,0.04212,0.02098,0.00609,0.00509,
1789832831,-0.01067,0.01440,0.00072,0.70921,-0.70322,-0.02698,0.04209,-0.00772,-0.00184,0.00156,
1789832831,-0.01021,0.01358,0.00076,0.71040,-0.70201,-0.02689,0.04229,0.00305,-0.00931,0.00213,
1789832831,-0.01007,0.01279,0.00103,0.71146,-0.70095,-0.02666,0.04212,0.00534,-0.00931,0.00279,
1789832831,-0.00922,0.01186,0.00116,0.71161,-0.70084,-0.02642,0.04181,0.00923,-0.00156,0.00396,
1789832831,-0.00858,0.01173,0.00082,0.71043,-0.70209,-0.02639,0.04072,0.01302,0.01031,-0.01099,
1789832831,-0.00771,0.01310,-0.00080,0.70723,-0.70538,-0.02608,0.03977,0.01695,0.01092,-0.01320,
1789832832,-0.00822,0.01406,-0.00099,0.70705,-0.70564,-0.02513,0.03890,-0.00538,0.02444,-0.01053,
1789832832,-0.00847,0.01753,-0.00203,0.70455,-0.70809,-0.02598,0.03931,-0.00342,0.04448,-0.01046,
1789832832,-0.01027,0.02875,-0.00475,0.70003,-0.71250,-0.02681,0.03972,-0.01121,0.07132,-0.00669,
1789832832,-0.01116,0.03720,-0.00510,0.69924,-0.71323,-0.02683,0.04063,-0.00846,0.09039,-0.00129,
1789832832,-0.01366,0.05163,-0.00537,0.69948,-0.71282,-0.02837,0.04250,-0.01395,0.12199,-0.00092,
1789832832,-0.01518,0.06037,-0.00539,0.69997,-0.71227,-0.02952,0.04301,-0.01523,0.13928,-0.00288,
1789832832,-0.01661,0.07028,-0.00560,0.69982,-0.71239,-0.02992,0.04320,-0.01706,0.15297,0.00008,
1789832832,-0.01913,0.09209,-0.00537,0.70041,-0.71166,-0.03158,0.04438,-0.02646,0.17687,-0.00025,
1789832832,-0.02235,0.11032,-0.00434,0.70260,-0.70943,-0.03254,0.04472,-0.02997,0.18940,0.00402,
1789832833,-0.02543,0.13646,-0.00345,0.70673,-0.70532,-0.03246,0.04477,-0.01652,0.19448,0.00678,
1789832833,-0.02729,0.16394,-0.00186,0.70952,-0.70245,-0.03339,0.04520,-0.02404,0.20998,0.00488,
1789832833,-0.02939,0.18520,-0.00102,0.71016,-0.70169,-0.03424,0.04609,-0.01932,0.21290,0.00200,
1789832833,-0.03082,0.20012,-0.00053,0.71014,-0.70162,-0.03530,0.04683,-0.02132,0.21980,0.00239,
1789832833,-0.03346,0.22050,0.00052,0.71222,-0.69935,-0.03630,0.04822,-0.02383,0.20532,0.00619,
1789832833,-0.03553,0.24115,0.00109,0.71278,-0.69873,-0.03650,0.04888,-0.01990,0.20452,0.00464,
1789832833,-0.03691,0.25457,0.00145,0.71282,-0.69869,-0.03642,0.04895,-0.02292,0.19939,0.00448,
1789832833,-0.03869,0.26789,0.00159,0.71279,-0.69875,-0.03615,0.04869,-0.02570,0.19421,0.00447,
1789832833,-0.04162,0.29357,0.00202,0.71229,-0.69933,-0.03581,0.04802,-0.02258,0.18432,0.00484,
1789832833,-0.04360,0.31133,0.00223,0.71247,-0.69923,-0.03526,0.04711,-0.02251,0.17189,0.00655,
1789832833,-0.04489,0.32820,0.00229,0.71175,-0.70002,-0.03483,0.04657,-0.01803,0.16987,-0.00029,
1789832834,-0.04751,0.35412,0.00176,0.71083,-0.70087,-0.03565,0.04731,-0.02060,0.14474,0.00167,
1789832834,-0.04839,0.36350,0.00126,0.71093,-0.70075,-0.03575,0.04751,-0.01682,0.13413,0.00348,
1789832834,-0.04961,0.37272,0.00051,0.71166,-0.70003,-0.03582,0.04713,-0.00870,0.12950,0.00596,
1789832834,-0.05075,0.38605,0.00047,0.71091,-0.70075,-0.03609,0.04754,-0.01162,0.12943,-0.00446,
1789832834,-0.05186,0.39925,-0.00013,0.70997,-0.70169,-0.03627,0.04749,-0.01721,0.12276,0.00115,
1789832834,-0.05494,0.41748,-0.00055,0.70783,-0.70390,-0.03669,0.04642,-0.02615,0.14505,-0.01229,
1789832834,-0.05644,0.42751,-0.00191,0.70532,-0.70651,-0.03650,0.04514,-0.02886,0.14752,-0.01220,
1789832834,-0.05771,0.43725,-0.00323,0.70435,-0.70748,-0.03662,0.04492,-0.02235,0.14471,-0.00510,
1789832834,-0.05981,0.46272,-0.00519,0.70454,-0.70728,-0.03796,0.04392,-0.02242,0.14643,-0.00182,
1789832835,-0.06235,0.48862,-0.00423,0.70696,-0.70478,-0.03890,0.04445,-0.01599,0.15771,0.00201,
1789832835,-0.06299,0.49921,-0.00340,0.70746,-0.70420,-0.03943,0.04524,-0.01578,0.16060,0.00087,
1789832835,-0.06430,0.51073,-0.00299,0.70752,-0.70408,-0.04014,0.04558,-0.02103,0.16367,-0.00092,
1789832835,-0.06718,0.53298,-0.00314,0.70772,-0.70379,-0.04093,0.04616,-0.01860,0.15645,-0.00077,
1789832835,-0.06751,0.54321,-0.00411,0.70783,-0.70362,-0.04184,0.04633,-0.01641,0.15443,-0.00107,
1789832835,-0.06919,0.55386,-0.00384,0.70770,-0.70372,-0.04217,0.04655,-0.01725,0.15283,-0.00171,
1789832835,-0.07063,0.56380,-0.00314,0.70770,-0.70370,-0.04214,0.04667,-0.02142,0.14953,-0.00000,
1789832835,-0.07204,0.57374,-0.00286,0.70760,-0.70380,-0.04215,0.04669,-0.02172,0.14280,0.00131,
1789832835,-0.07329,0.58349,-0.00273,0.70769,-0.70369,-0.04243,0.04685,-0.01849,0.14011,0.00027,
1789832835,-0.07505,0.59758,-0.00278,0.70805,-0.70328,-0.04302,0.04705,-0.01852,0.13395,0.00176,
1789832835,-0.07639,0.60656,-0.00274,0.70828,-0.70308,-0.04295,0.04663,-0.01915,0.12800,0.00113,
1789832835,-0.07727,0.62328,-0.00288,0.70930,-0.70213,-0.04263,0.04571,-0.01508,0.11841,0.00158,
1789832836,-0.07908,0.63905,-0.00268,0.70964,-0.70179,-0.04291,0.04535,-0.01482,0.11326,-0.00188,
1789832836,-0.08091,0.65651,-0.00283,0.70946,-0.70194,-0.04330,0.04556,-0.01090,0.09187,0.00137,
1789832836,-0.08200,0.66572,-0.00278,0.70989,-0.70149,-0.04357,0.04559,-0.00831,0.08140,0.00154,
1789832836,-0.08237,0.67094,-0.00308,0.70980,-0.70158,-0.04354,0.04559,-0.01060,0.07288,0.00085,
1789832836,-0.08321,0.67994,-0.00314,0.70981,-0.70150,-0.04411,0.04604,-0.00949,0.05302,0.00233,
1789832836,-0.08390,0.68441,-0.00311,0.70959,-0.70168,-0.04452,0.04633,-0.01067,0.05094,-0.00290,
1789832836,-0.08474,0.68833,-0.00324,0.70984,-0.70138,-0.04505,0.04645,-0.00973,0.03985,-0.00200,
1789832836,-0.08443,0.69176,-0.00347,0.71059,-0.70057,-0.04575,0.04665,-0.00108,0.00829,0.00294,
1789832836,-0.08483,0.69246,-0.00145,0.71020,-0.70099,-0.04536,0.04660,-0.00254,0.01710,-0.00535,
1789832837,-0.08476,0.69296,-0.00180,0.71055,-0.70054,-0.04599,0.04737,-0.00222,-0.00914,-0.00034,
1789832837,-0.08558,0.69256,-0.00104,0.71124,-0.69983,-0.04673,0.04681,0.00076,-0.00481,-0.00289,
1789832837,-0.08543,0.69083,-0.00202,0.71110,-0.70002,-0.04643,0.04650,-0.00183,-0.02179,-0.00535,
1789832837,-0.08527,0.68948,-0.00243,0.71000,-0.70120,-0.04625,0.04570,0.00438,-0.02091,-0.00548,
1789832837,-0.08519,0.68825,-0.00253,0.70947,-0.70171,-0.04654,0.04570,0.00219,-0.02110,-0.00426,
1789832837,-0.08511,0.68718,-0.00307,0.70855,-0.70264,-0.04663,0.04567,0.00302,-0.02319,-0.00524,
1789832837,-0.08490,0.68493,-0.00343,0.70852,-0.70260,-0.04707,0.04615,0.00317,-0.02539,-0.00373,
1789832837,-0.08460,0.68379,-0.00359,0.70812,-0.70301,-0.04703,0.04610,0.00128,-0.02169,-0.00513,
1789832837,-0.08433,0.68259,-0.00369,0.70818,-0.70296,-0.04697,0.04616,0.00745,-0.02352,-0.00131,
1789832837,-0.08388,0.68192,-0.00395,0.70717,-0.70394,-0.04716,0.04640,0.00294,-0.01808,-0.00669,
1789832837,-0.08402,0.68109,-0.00357,0.70718,-0.70392,-0.04723,0.04654,0.00380,-0.01033,-0.00750,
1789832837,-0.08387,0.68081,-0.00406,0.70667,-0.70447,-0.04695,0.04632,0.00330,-0.01053,-0.00485,
1789832838,-0.08351,0.68031,-0.00447,0.70618,-0.70495,-0.04705,0.04642,0.00196,-0.00147,-0.00482,
1789832838,-0.08374,0.68131,-0.00459,0.70543,-0.70569,-0.04715,0.04635,-0.00173,0.00835,-0.00577,
1789832838,-0.08376,0.68317,-0.00513,0.70419,-0.70692,-0.04731,0.04628,-0.00065,0.01858,-0.00578,
1789832838,-0.08364,0.68501,-0.00546,0.70353,-0.70760,-0.04720,0.04597,-0.00014,0.02585,-0.00766,
1789832838,-0.08386,0.68727,-0.00615,0.70195,-0.70909,-0.04790,0.04646,-0.00469,0.03588,-0.01126,
1789832838,-0.08412,0.68943,-0.00680,0.70131,-0.70965,-0.04868,0.04686,-0.00552,0.02684,-0.00378,
1789832838,-0.08459,0.69281,-0.00625,0.70206,-0.70884,-0.04921,0.04721,-0.00391,0.04270,-0.00613,
1789832838,-0.08476,0.69610,-0.00626,0.70231,-0.70859,-0.04929,0.04727,-0.00159,0.04347,-0.00125,
1789832838,-0.08494,0.69932,-0.00655,0.70225,-0.70865,-0.04924,0.04726,0.00057,0.04800,-0.00145,
1789832838,-0.08575,0.70315,-0.00598,0.70218,-0.70873,-0.04917,0.04721,-0.00202,0.05687,-0.00215,
1789832838,-0.08601,0.70729,-0.00574,0.70221,-0.70869,-0.04930,0.04726,-0.00763,0.06036,-0.00326,
1789832838,-0.08680,0.71170,-0.00557,0.70236,-0.70855,-0.04919,0.04712,-0.00667,0.06246,-0.00026,
1789832838,-0.08755,0.71630,-0.00551,0.70230,-0.70863,-0.04906,0.04695,-0.00668,0.06589,0.00055,
1789832838,-0.08831,0.72126,-0.00510,0.70225,-0.70876,-0.04882,0.04602,-0.01022,0.07194,0.00181,
1789832839,-0.08906,0.72597,-0.00482,0.70241,-0.70865,-0.04863,0.04548,-0.01032,0.06674,0.00657,
1789832839,-0.08986,0.73048,-0.00431,0.70280,-0.70831,-0.04847,0.04499,-0.00975,0.05699,0.01293,
1789832839,-0.09156,0.73991,-0.00126,0.70821,-0.70264,-0.05021,0.04711,0.00347,0.02964,0.00893,
1789832839,-0.09236,0.74279,-0.00067,0.70902,-0.70176,-0.05066,0.04750,0.00099,0.02248,0.00395,
1789832839,-0.09389,0.74531,0.00033,0.71020,-0.70052,-0.05107,0.04777,0.00241,0.00299,0.00720,
1789832839,-0.09356,0.74556,0.00081,0.71049,-0.70028,-0.05074,0.04738,0.00312,0.00019,0.00251,
1789832839,-0.09342,0.74499,0.00093,0.71091,-0.69974,-0.05135,0.04824,0.00445,-0.02469,0.00765,
1789832839,-0.09313,0.74365,0.00180,0.71142,-0.69924,-0.05145,0.04792,0.00492,-0.01711,0.00058,
1789832839,-0.09171,0.74038,0.00190,0.71169,-0.69903,-0.05112,0.04737,-0.00033,-0.03711,0.00421,
1789832839,-0.09074,0.73522,0.00180,0.71081,-0.70000,-0.05046,0.04697,0.01323,-0.03526,-0.00569,
1789832840,-0.08855,0.72420,-0.00100,0.70693,-0.70390,-0.05030,0.04737,0.01207,-0.05054,0.00057,
1789832840,-0.08666,0.71852,-0.00096,0.70687,-0.70411,-0.04918,0.04638,0.01013,-0.03754,0.00056,
1789832840,-0.08661,0.71439,-0.00050,0.70688,-0.70419,-0.04855,0.04559,0.00641,-0.02599,-0.00067,
1789832840,-0.08574,0.71270,-0.00083,0.70638,-0.70472,-0.04830,0.04544,0.00396,-0.01373,-0.00472,
1789832840,-0.08538,0.71021,-0.00071,0.70694,-0.70418,-0.04805,0.04536,0.00175,-0.01752,0.00062,
1789832840,-0.08537,0.70976,-0.00103,0.70678,-0.70424,-0.04878,0.04615,0.00042,-0.01433,0.00342,
1789832840,-0.08533,0.70953,-0.00080,0.70651,-0.70450,-0.04885,0.04611,-0.00304,0.00103,-0.00101,
1789832840,-0.08620,0.71040,-0.00089,0.70621,-0.70473,-0.04957,0.04657,-0.00100,0.00488,-0.00056,
1789832840,-0.08601,0.71164,-0.00144,0.70530,-0.70566,-0.04947,0.04641,-0.00240,0.01152,-0.00077,
1789832841,-0.08632,0.71361,-0.00192,0.70423,-0.70663,-0.05025,0.04701,-0.00554,0.01751,-0.00091,
1789832841,-0.08682,0.71522,-0.00173,0.70462,-0.70627,-0.04998,0.04685,-0.00417,0.01934,0.00355,
1789832841,-0.08663,0.71739,-0.00245,0.70390,-0.70698,-0.05020,0.04674,-0.00818,0.01887,0.00283,
1789832841,-0.08820,0.72072,-0.00113,0.70583,-0.70505,-0.05036,0.04673,-0.00753,0.02238,0.00311,
1789832841,-0.08829,0.72255,-0.00082,0.70660,-0.70428,-0.05031,0.04658,-0.00444,0.03279,-0.00017,
1789832841,-0.08826,0.72456,-0.00078,0.70640,-0.70447,-0.05051,0.04655,-0.00569,0.03354,-0.00362,
1789832841,-0.08918,0.72704,-0.00081,0.70572,-0.70516,-0.05056,0.04633,-0.00797,0.02774,-0.00396,
1789832841,-0.08868,0.72946,-0.00227,0.70424,-0.70655,-0.05117,0.04693,-0.00603,0.01522,-0.00338,
1789832841,-0.08863,0.72843,-0.00152,0.70975,-0.70091,-0.05140,0.04834,0.01147,-0.05161,0.02291,
1789832841,-0.08802,0.72392,0.00084,0.71803,-0.69230,-0.05100,0.05062,0.01392,-0.11086,0.04519,
1789832841,-0.08737,0.71666,0.00380,0.72774,-0.68199,-0.05030,0.05253,0.02983,-0.12876,0.03926,
1789832841,-0.08719,0.70620,0.00829,0.73635,-0.67257,-0.05087,0.05345,0.02018,-0.14978,0.02762,
1789832842,-0.08313,0.67060,0.01552,0.74505,-0.66305,-0.04962,0.05301,0.03189,-0.24722,0.03827,
1789832842,-0.08096,0.65197,0.01689,0.74321,-0.66505,-0.05037,0.05309,0.04023,-0.26502,0.01823,
1789832842,-0.07593,0.62227,0.01508,0.73504,-0.67432,-0.04886,0.05119,0.04631,-0.33094,0.00691,
1789832842,-0.06959,0.57619,0.01110,0.72310,-0.68725,-0.04800,0.05001,0.04886,-0.39800,-0.00387,
1789832842,-0.06124,0.50549,0.00596,0.71769,-0.69288,-0.04831,0.05004,0.05326,-0.45078,-0.00477,
1789832842,-0.05480,0.44438,0.00535,0.71715,-0.69341,-0.04828,0.05047,0.06561,-0.46850,0.00088,
1789832842,-0.05052,0.41309,0.00671,0.71696,-0.69362,-0.04825,0.05028,0.05943,-0.46853,0.00475,
1789832842,-0.04484,0.36592,0.00751,0.71600,-0.69472,-0.04738,0.04973,0.05701,-0.46851,-0.00172,
1789832842,-0.03696,0.30311,0.00844,0.71192,-0.69899,-0.04647,0.04922,0.05462,-0.46931,-0.00641,
1789832843,-0.03254,0.27141,0.00741,0.71084,-0.70008,-0.04667,0.04919,0.05670,-0.46811,-0.00540,
1789832843,-0.02737,0.22403,0.00791,0.70813,-0.70278,-0.04754,0.04902,0.02987,-0.45661,-0.00794,
1789832843,-0.02449,0.19326,0.00694,0.70647,-0.70442,-0.04832,0.04858,0.02968,-0.44364,-0.00338,
1789832843,-0.02060,0.14928,0.00556,0.70399,-0.70684,-0.04943,0.04827,0.04483,-0.42576,-0.00295,
1789832843,-0.01765,0.12064,0.00550,0.70272,-0.70820,-0.04875,0.04754,0.05098,-0.41143,-0.00512,
1789832843,-0.01382,0.09359,0.00453,0.70244,-0.70852,-0.04831,0.04739,0.04528,-0.39798,0.00147,
1789832843,-0.01041,0.06736,0.00374,0.70219,-0.70881,-0.04775,0.04733,0.04620,-0.37904,0.00232,
1789832843,-0.00856,0.03109,0.00264,0.70233,-0.70884,-0.04548,0.04705,0.09515,-0.34174,0.03418,
1789832843,-0.00776,0.01135,0.00282,0.70854,-0.70390,-0.03414,0.03655,0.18502,-0.28310,0.02763,
1789832843,0.01124,-0.01137,0.00706,0.71085,-0.70316,-0.00858,0.01346,0.06003,-0.17128,-0.05766,
1789832843,0.03086,-0.03812,0.00812,0.70168,-0.71205,-0.00885,0.02351,0.00899,-0.11832,-0.00051,
1789832844,0.02614,-0.05379,0.00256,0.69134,-0.72120,-0.02760,0.03399,-0.09696,-0.10932,-0.03240,
1789832844,0.01291,-0.06525,0.00062,0.68972,-0.72164,-0.04217,0.04187,-0.10302,-0.08528,-0.00334,
1789832844,0.00294,-0.07033,0.00056,0.69112,-0.71977,-0.04971,0.04253,-0.00420,-0.00678,0.00936,
1789832844,0.00136,-0.06963,0.00098,0.69126,-0.71929,-0.05200,0.04546,0.00807,0.03900,0.01237,
1789832844,0.00288,-0.06474,0.00169,0.69313,-0.71742,-0.05133,0.04743,-0.00435,0.08293,-0.00071,
1789832844,0.00011,-0.05055,0.00372,0.69605,-0.71442,-0.05213,0.04911,-0.03693,0.11861,0.00791,
1789832844,-0.00186,-0.04019,0.00447,0.69832,-0.71198,-0.05353,0.05066,-0.03337,0.13752,0.00707,
1789832844,-0.00380,-0.02792,0.00557,0.70095,-0.70935,-0.05366,0.05117,-0.02845,0.15538,0.00764,
1789832844,-0.00584,-0.01447,0.00688,0.70267,-0.70774,-0.05216,0.05149,-0.02185,0.15926,0.00391,
1789832845,-0.00634,-0.00503,0.00725,0.70348,-0.70685,-0.05237,0.05229,-0.02120,0.16019,0.01036,
1789832845,-0.00787,0.00962,0.00751,0.70453,-0.70579,-0.05191,0.05295,-0.02411,0.16223,0.00303,
1789832845,-0.01267,0.03074,0.00752,0.70603,-0.70573,-0.04208,0.04123,0.04135,0.17734,-0.00268,
1789832845,-0.00226,0.04383,0.00817,0.71209,-0.70207,0.00382,-0.00355,0.14233,0.15701,0.01151,
1789832845,0.03722,0.06413,0.00927,0.71009,-0.68615,0.11391,-0.10955,0.10936,0.08850,0.00443,
1789832845,0.04711,0.07904,0.00672,0.70810,-0.68777,0.11568,-0.11044,0.01297,0.08846,-0.00483,
1789832845,0.04988,0.08533,0.00638,0.70847,-0.68874,0.11140,-0.10627,0.00580,0.06819,-0.00543,
1789832845,0.05342,0.09251,0.00577,0.70789,-0.69043,0.10917,-0.10139,0.00699,0.04500,0.00252,
1789832846,0.05200,0.09158,0.00861,0.71711,-0.68170,0.10601,-0.09901,-0.01125,-0.06768,0.03726,
1789832846,0.04938,0.08208,0.01206,0.72919,-0.66974,0.10159,-0.09703,-0.02256,-0.11205,0.02331,
1789832846,0.04790,0.07278,0.01416,0.73487,-0.66363,0.10065,-0.09715,-0.03758,-0.15531,0.01791,
1789832846,0.04370,0.05398,0.01582,0.74106,-0.65694,0.09950,-0.09677,-0.06114,-0.21217,0.01396,
1789832846,0.03636,0.03112,0.01666,0.73969,-0.65861,0.09938,-0.09606,-0.06400,-0.24714,0.00620,
1789832846,0.03120,0.01294,0.01724,0.73655,-0.66216,0.09945,-0.09568,-0.08558,-0.28494,0.00347,
1789832846,0.02651,-0.00518,0.01639,0.72927,-0.66988,0.10172,-0.09530,-0.06876,-0.27374,-0.01928,
1789832846,0.01918,-0.03146,0.01178,0.71095,-0.68886,0.10582,-0.09399,-0.06885,-0.24931,-0.06744,
1789832846,0.01499,-0.04790,0.00618,0.69662,-0.70294,0.10930,-0.09296,-0.08114,-0.26419,-0.07276,
1789832846,0.00756,-0.07371,-0.00123,0.68183,-0.71699,0.11209,-0.09202,-0.07822,-0.27132,-0.03391,
1789832846,-0.00032,-0.09974,-0.00357,0.67719,-0.72028,0.11564,-0.09616,-0.07829,-0.21833,-0.02947,
1789832847,-0.00868,-0.15022,0.00833,0.70058,-0.69339,0.12470,-0.11336,-0.00516,-0.12566,0.02136,
1789832847,-0.00677,-0.16383,0.01113,0.70218,-0.68735,0.13632,-0.12611,0.01545,-0.03561,0.00496,
1789832847,-0.00367,-0.16528,0.01184,0.70062,-0.68736,0.14034,-0.13024,0.02230,0.00689,0.00045,
1789832847,-0.00028,-0.16018,0.01066,0.69688,-0.69114,0.14041,-0.13024,0.02909,0.07509,-0.01559,
1789832847,0.00256,-0.14997,0.00791,0.69363,-0.69581,0.13687,-0.12645,0.02185,0.09016,-0.01158,
1789832847,0.01533,-0.14364,0.00886,0.69196,-0.68523,0.16454,-0.15677,0.10346,0.01616,0.01486,
1789832848,0.02143,-0.13619,0.00938,0.69594,-0.68202,0.16173,-0.15610,0.00867,0.04587,0.00682,
1789832848,0.02027,-0.13357,0.00939,0.69576,-0.68317,0.15932,-0.15429,0.01118,0.04370,-0.00401,
1789832848,0.02035,-0.13091,0.00904,0.69608,-0.68427,0.15622,-0.15115,0.00752,0.02379,-0.00045,
1789832848,0.02005,-0.12967,0.00871,0.69571,-0.68499,0.15549,-0.15032,0.00809,0.01963,-0.00326,
1789832848,0.01832,-0.12961,0.00844,0.69599,-0.68418,0.15596,-0.15218,0.00124,-0.01418,0.00750,
1789832848,0.02014,-0.13218,0.00894,0.69464,-0.68129,0.16484,-0.16168,0.03536,-0.03223,0.00397,
1789832848,0.02698,-0.13920,0.00941,0.69030,-0.67534,0.18529,-0.18182,0.00866,-0.02439,-0.00925,
1789832848,0.02307,-0.14826,0.00944,0.68957,-0.67362,0.18943,-0.18668,-0.01840,-0.04313,0.00083,
1789832848,0.01861,-0.15364,0.00858,0.68892,-0.67413,0.18966,-0.18702,-0.03161,-0.04604,0.00058,
1789832849,0.01680,-0.15668,0.00879,0.68875,-0.67436,0.18955,-0.18693,-0.03594,-0.05141,0.00163,
1789832849,0.01413,-0.16049,0.00921,0.68980,-0.67346,0.18898,-0.18687,-0.04279,-0.07012,0.01275,
1789832849,0.00882,-0.16951,0.01022,0.69132,-0.67201,0.18858,-0.18688,-0.04169,-0.07133,0.00768,
1789832849,0.00454,-0.17601,0.01023,0.69045,-0.67289,0.18891,-0.18655,-0.03619,-0.05495,-0.00481,
1789832849,-0.00088,-0.18352,0.00895,0.68695,-0.67659,0.18946,-0.18554,-0.04465,-0.05532,-0.00720,
1789832849,-0.00440,-0.18711,0.00838,0.68549,-0.67797,0.18987,-0.18551,-0.04302,-0.05524,-0.00609,
1789832849,-0.00659,-0.19106,0.00810,0.68484,-0.67884,0.18964,-0.18495,-0.04371,-0.05733,-0.00339,
1789832849,-0.00950,-0.19498,0.00798,0.68470,-0.67918,0.18931,-0.18457,-0.04434,-0.05411,-0.00221,
1789832849,-0.01244,-0.19861,0.00801,0.68466,-0.67937,0.18903,-0.18429,-0.03885,-0.04911,-0.00234,
1789832849,-0.01497,-0.20218,0.00811,0.68481,-0.67947,0.18854,-0.18388,-0.03806,-0.04631,0.00003,
1789832849,-0.01877,-0.20634,0.00818,0.68503,-0.67960,0.18782,-0.18329,-0.03313,-0.03532,-0.00020,
1789832849,-0.01958,-0.21005,0.00770,0.68530,-0.67960,0.18722,-0.18291,-0.02961,-0.03197,-0.00035,
1789832850,-0.02253,-0.21331,0.00730,0.68445,-0.68102,0.18630,-0.18175,-0.02091,-0.01706,-0.00192,
1789832850,-0.02495,-0.21672,0.00743,0.68487,-0.68073,0.18590,-0.18164,-0.01057,-0.01635,0.00555,
1789832850,-0.02595,-0.21768,0.00752,0.68520,-0.68103,0.18478,-0.18043,-0.01205,0.00174,-0.00027,
1789832850,-0.02631,-0.21780,0.00752,0.68529,-0.68127,0.18421,-0.17977,0.00008,0.00721,0.00024,
1789832850,-0.02600,-0.21747,0.00746,0.68494,-0.68163,0.18428,-0.17966,0.00439,0.01224,-0.00079,
1789832850,-0.02580,-0.21671,0.00725,0.68443,-0.68213,0.18447,-0.17950,0.00650,0.01849,-0.00244,
1789832850,-0.02485,-0.21515,0.00688,0.68365,-0.68276,0.18496,-0.17959,0.01297,0.02270,-0.00153,
1789832850,-0.02385,-0.21303,0.00655,0.68367,-0.68301,0.18441,-0.17913,0.00247,0.01217,0.01217,
1789832850,-0.02285,-0.21166,0.00683,0.68381,-0.68295,0.18404,-0.17919,0.01352,0.03817,-0.00376,
1789832851,-0.02129,-0.20821,0.00727,0.68502,-0.68193,0.18339,-0.17913,0.02238,0.03941,-0.00319,
1789832851,-0.01955,-0.20538,0.00720,0.68546,-0.68157,0.18323,-0.17897,0.01728,0.03700,-0.00199,
1789832851,-0.01623,-0.20093,0.00699,0.68558,-0.68112,0.18397,-0.17950,0.02240,0.03465,0.00148,
1789832851,-0.01302,-0.19761,0.00665,0.68532,-0.68114,0.18475,-0.17959,0.02477,0.02738,0.00358,
1789832851,-0.01187,-0.19583,0.00709,0.68615,-0.68017,0.18485,-0.18001,0.02882,0.03911,-0.00069,
1789832851,-0.01001,-0.19233,0.00721,0.68620,-0.68001,0.18511,-0.18015,0.01763,0.03678,0.00147,
1789832851,-0.00810,-0.19000,0.00708,0.68562,-0.68048,0.18544,-0.18022,0.02202,0.04689,-0.00655,
1789832851,-0.00582,-0.18572,0.00707,0.68599,-0.68007,0.18532,-0.18048,0.01656,0.03089,0.00292,
1789832851,-0.00489,-0.18397,0.00718,0.68644,-0.67976,0.18499,-0.18033,0.01391,0.02417,0.00548,
1789832851,-0.00333,-0.18192,0.00702,0.68580,-0.68054,0.18484,-0.17996,0.01461,0.04281,-0.00924,
1789832851,-0.00216,-0.17940,0.00722,0.68626,-0.68019,0.18455,-0.17979,0.01302,0.04426,-0.00927,
1789832852,-0.00064,-0.17731,0.00730,0.68663,-0.67966,0.18482,-0.18010,0.01257,0.03447,-0.00560,
1789832852,0.00055,-0.17542,0.00741,0.68674,-0.67950,0.18483,-0.18028,0.01896,0.03441,-0.00843,
1789832852,0.00109,-0.17362,0.00679,0.68585,-0.68053,0.18481,-0.17981,0.00605,0.01665,0.00195,
1789832852,0.00256,-0.17163,0.00671,0.68612,-0.68030,0.18475,-0.17973,0.00587,0.02048,-0.00162,
1789832852,0.00225,-0.17149,0.00721,0.68745,-0.67920,0.18392,-0.17962,0.00475,0.01931,-0.00063,
1789832852,0.00314,-0.17080,0.00712,0.68678,-0.67957,0.18469,-0.18003,0.00719,0.01785,-0.00377,
1789832852,0.00417,-0.17047,0.00728,0.68680,-0.67940,0.18490,-0.18035,0.00861,0.01868,-0.00617,
1789832852,0.00391,-0.16962,0.00712,0.68724,-0.67966,0.18357,-0.17907,-0.00199,0.00621,-0.00029,
1789832852,0.00363,-0.16945,0.00700,0.68739,-0.67987,0.18286,-0.17839,-0.00314,0.00390,-0.00072,
1789832852,0.00318,-0.16957,0.00715,0.68753,-0.67970,0.18292,-0.17847,-0.00158,0.00186,-0.00025,
1789832852,0.00263,-0.17009,0.00742,0.68791,-0.67935,0.18276,-0.17851,-0.00541,-0.00375,0.00129,
1789832853,0.00207,-0.17112,0.00782,0.68857,-0.67867,0.18266,-0.17868,-0.00747,-0.00911,0.00359,
1789832853,0.00143,-0.17258,0.00823,0.68934,-0.67770,0.18276,-0.17926,-0.01084,-0.01511,0.00574,
1789832853,0.00110,-0.17361,0.00844,0.68956,-0.67740,0.18280,-0.17949,-0.00532,-0.00606,-0.00291,
1789832853,0.00045,-0.17587,0.00836,0.68907,-0.67718,0.18416,-0.18081,-0.01109,-0.02422,0.00554,
1789832853,-0.00109,-0.17772,0.00841,0.68900,-0.67725,0.18409,-0.18090,-0.01090,-0.01713,0.00282,
1789832853,-0.00162,-0.17884,0.00825,0.68848,-0.67784,0.18407,-0.18066,-0.01156,-0.01727,0.00087,
1789832853,-0.00261,-0.18114,0.00850,0.68863,-0.67777,0.18386,-0.18058,-0.01041,-0.00496,-0.00641,
1789832853,-0.00351,-0.18247,0.00830,0.68834,-0.67806,0.18398,-0.18046,-0.01597,-0.01870,0.00411,
1789832853,-0.00490,-0.18478,0.00836,0.68844,-0.67808,0.18380,-0.18023,-0.01084,-0.02158,0.00260,
1789832853,-0.00625,-0.18710,0.00817,0.68824,-0.67832,0.18382,-0.18005,-0.01275,-0.02223,0.00344,
1789832853,-0.00759,-0.18865,0.00803,0.68801,-0.67863,0.18372,-0.17987,-0.01148,-0.01983,0.00138,
1789832854,-0.00926,-0.19212,0.00802,0.68822,-0.67815,0.18408,-0.18049,-0.01371,-0.02449,0.00420,
1789832854,-0.01180,-0.19671,0.00781,0.68779,-0.67855,0.18413,-0.18059,-0.01652,-0.02376,0.00619,
1789832854,-0.01292,-0.19893,0.00761,0.68740,-0.67896,0.18419,-0.18045,-0.01531,-0.02720,0.00949,
1789832854,-0.01429,-0.20087,0.00755,0.68722,-0.67930,0.18388,-0.18019,-0.00939,-0.01333,0.00096,
1789832854,-0.01571,-0.20241,0.00783,0.68780,-0.67883,0.18349,-0.18014,-0.00860,-0.00936,0.00049,
1789832854,-0.01633,-0.20339,0.00757,0.68739,-0.67930,0.18353,-0.17993,-0.01103,-0.01954,0.00636,
1789832854,-0.01680,-0.20507,0.00808,0.68814,-0.67839,0.18353,-0.18044,-0.00610,-0.00685,0.00094,
1789832854,-0.01769,-0.20531,0.00758,0.68719,-0.67960,0.18322,-0.17983,-0.01005,-0.00138,-0.00300,
1789832854,-0.01838,-0.20655,0.00793,0.68789,-0.67882,0.18308,-0.18027,-0.00683,-0.00664,0.00410,
1789832854,-0.01822,-0.20679,0.00759,0.68678,-0.67994,0.18337,-0.17997,-0.00295,0.00949,-0.00589,
1789832855,-0.01888,-0.20784,0.00781,0.68749,-0.67934,0.18281,-0.18008,-0.00516,0.00109,0.00144,
1789832855,-0.01921,-0.20803,0.00793,0.68750,-0.67945,0.18260,-0.17986,-0.00390,0.00682,0.00126,
1789832855,-0.01901,-0.20753,0.00771,0.68698,-0.68048,0.18180,-0.17875,-0.00206,0.01549,-0.00394,
1789832855,-0.01864,-0.20613,0.00740,0.68626,-0.68123,0.18189,-0.17856,0.00638,0.01902,-0.00386,
1789832855,-0.01799,-0.20517,0.00714,0.68550,-0.68205,0.18200,-0.17825,0.00923,0.02211,-0.00273,
1789832855,-0.01716,-0.20334,0.00685,0.68524,-0.68256,0.18159,-0.17769,0.00351,0.01649,0.00525,
1789832855,-0.01577,-0.20158,0.00686,0.68517,-0.68270,0.18159,-0.17743,0.01133,0.02710,-0.00266,
1789832855,-0.01564,-0.20067,0.00726,0.68623,-0.68173,0.18122,-0.17747,0.01163,0.02441,0.00503,
1789832855,-0.01437,-0.19852,0.00648,0.68489,-0.68316,0.18159,-0.17672,0.01146,0.02784,-0.00402,
1789832855,-0.01345,-0.19815,0.00724,0.68678,-0.68129,0.18116,-0.17710,0.01838,0.02576,0.00282,
1789832855,-0.01258,-0.19630,0.00669,0.68608,-0.68204,0.18146,-0.17663,0.01161,0.02167,0.00258,
1789832855,-0.01192,-0.19441,0.00702,0.68705,-0.68089,0.18152,-0.17718,0.01297,0.02703,0.00137,
1789832856,-0.00889,-0.19097,0.00674,0.68675,-0.68094,0.18220,-0.17751,0.01853,0.02549,-0.00317,
1789832856,-0.00806,-0.18955,0.00631,0.68667,-0.68133,0.18164,-0.17690,0.00117,0.01365,0.00731,
1789832856,-0.00682,-0.18747,0.00631,0.68595,-0.68208,0.18174,-0.17668,0.01426,0.03426,-0.00792,
1789832856,-0.00637,-0.18640,0.00688,0.68757,-0.68048,0.18128,-0.17701,0.01083,0.01736,0.00336,
1789832856,-0.00549,-0.18397,0.00687,0.68774,-0.68084,0.18023,-0.17603,0.00361,0.01278,0.00410,
1789832856,-0.00461,-0.18317,0.00697,0.68746,-0.68103,0.18049,-0.17612,0.00978,0.02402,-0.00262,
1789832856,-0.00467,-0.18195,0.00675,0.68739,-0.68151,0.17982,-0.17525,-0.00173,0.00956,0.00680,
1789832856,-0.00441,-0.18141,0.00691,0.68803,-0.68096,0.17951,-0.17519,0.00627,0.01340,0.00026,
1789832856,-0.00298,-0.18079,0.00692,0.68767,-0.68079,0.18054,-0.17616,0.00864,0.00959,0.00098,
1789832856,-0.00253,-0.17985,0.00671,0.68694,-0.68174,0.18034,-0.17558,-0.00082,0.01570,0.00060,
1789832857,-0.00333,-0.17860,0.00711,0.68822,-0.68149,0.17813,-0.17378,-0.00383,0.00232,0.00722,
1789832857,-0.00295,-0.17812,0.00707,0.68792,-0.68169,0.17851,-0.17380,-0.00008,0.00426,0.00189,
1789832857,-0.00275,-0.17821,0.00731,0.68821,-0.68085,0.17940,-0.17498,0.00422,0.00248,0.00335,
1789832857,-0.00283,-0.17825,0.00711,0.68829,-0.68067,0.17959,-0.17519,-0.00082,0.00095,0.00001,
1789832857,-0.00251,-0.17863,0.00742,0.68853,-0.68039,0.17957,-0.17535,0.00014,-0.00144,0.00209,
1789832857,-0.00246,-0.17907,0.00754,0.68865,-0.68020,0.17967,-0.17553,-0.00189,-0.00187,0.00159,
1789832857,-0.00286,-0.17999,0.00777,0.68928,-0.67956,0.17951,-0.17567,-0.00681,-0.00670,0.00380,
1789832857,-0.00364,-0.18074,0.00802,0.68969,-0.67908,0.17955,-0.17589,-0.00621,-0.00734,0.00224,
1789832857,-0.00396,-0.18142,0.00823,0.68973,-0.67898,0.17965,-0.17601,-0.00440,-0.00294,-0.00124,
1789832857,-0.00394,-0.18231,0.00833,0.69005,-0.67870,0.17949,-0.17601,-0.01335,-0.01046,0.00470,
1789832858,-0.00459,-0.18372,0.00814,0.68942,-0.67920,0.17990,-0.17614,-0.00511,-0.01281,-0.00031,
1789832858,-0.00562,-0.18661,0.00829,0.68961,-0.67850,0.18073,-0.17723,-0.00726,-0.01297,-0.00006,
1789832858,-0.00665,-0.18736,0.00823,0.68898,-0.67912,0.18090,-0.17710,-0.00565,-0.00390,-0.00355,
1789832858,-0.00798,-0.18955,0.00857,0.68972,-0.67839,0.18077,-0.17720,-0.00892,-0.00939,-0.00022,
1789832858,-0.00902,-0.19174,0.00832,0.68932,-0.67902,0.18045,-0.17668,-0.00657,-0.00553,-0.00603,
1789832858,-0.00954,-0.19395,0.00829,0.68936,-0.67881,0.18071,-0.17703,-0.01001,-0.01569,0.00208,
1789832858,-0.01067,-0.19585,0.00823,0.68893,-0.67917,0.18092,-0.17715,-0.00441,-0.00634,-0.00376,
1789832858,-0.01194,-0.19699,0.00805,0.68865,-0.67946,0.18093,-0.17709,-0.01390,-0.00541,-0.00182,
1789832858,-0.01301,-0.19853,0.00818,0.68924,-0.67886,0.18074,-0.17729,-0.01561,-0.01634,0.00591,
1789832858,-0.01314,-0.20007,0.00838,0.68905,-0.67899,0.18090,-0.17736,-0.00393,0.00032,-0.00337,
1789832858,-0.01423,-0.20101,0.00794,0.68857,-0.67948,0.18104,-0.17721,-0.01226,-0.01090,0.00261,
1789832859,-0.01603,-0.20291,0.00800,0.68897,-0.67924,0.18060,-0.17704,-0.00669,-0.01429,0.00283,
1789832859,-0.01688,-0.20525,0.00781,0.68874,-0.67944,0.18069,-0.17706,-0.00745,-0.01601,0.00449,
1789832859,-0.01880,-0.20815,0.00827,0.68909,-0.67933,0.18013,-0.17669,-0.00871,-0.01054,0.00469,
1789832859,-0.02015,-0.20945,0.00831,0.68903,-0.67970,0.17949,-0.17616,-0.00511,-0.00197,-0.00007,
1789832859,-0.02029,-0.21022,0.00810,0.68867,-0.68025,0.17922,-0.17568,-0.00355,-0.00052,0.00134,
1789832859,-0.02114,-0.21084,0.00825,0.68912,-0.68035,0.17809,-0.17470,-0.00184,0.00312,0.00238,
1789832859,-0.02221,-0.21128,0.00846,0.68949,-0.68009,0.17779,-0.17455,-0.00392,0.00377,0.00583,
1789832859,-0.02239,-0.21184,0.00866,0.68967,-0.67980,0.17801,-0.17477,0.00064,0.00145,0.00378,
1789832859,-0.02215,-0.21200,0.00832,0.68929,-0.68036,0.17776,-0.17433,-0.00238,0.00831,-0.00177,
1789832860,-0.02243,-0.21181,0.00809,0.68924,-0.68085,0.17696,-0.17345,-0.00715,0.01048,-0.00167,
1789832860,-0.02251,-0.21179,0.00815,0.68939,-0.68080,0.17668,-0.17330,-0.00101,0.00582,0.00388,
1789832860,-0.02300,-0.21102,0.00818,0.68892,-0.68142,0.17638,-0.17307,0.00240,0.02322,-0.00731,
1789832860,-0.02263,-0.21009,0.00790,0.68803,-0.68212,0.17697,-0.17324,0.01032,0.01520,-0.00191,
1789832860,-0.02192,-0.20867,0.00739,0.68713,-0.68309,0.17704,-0.17292,0.00825,0.02009,-0.00088,
1789832860,-0.02001,-0.20654,0.00720,0.68636,-0.68417,0.17668,-0.17205,0.01874,0.03389,-0.00822,
1789832860,-0.01859,-0.20558,0.00680,0.68690,-0.68399,0.17576,-0.17155,0.00028,0.00974,0.00960,
1789832860,-0.01837,-0.20365,0.00691,0.68700,-0.68382,0.17591,-0.17170,0.01349,0.03322,-0.00732,
1789832860,-0.01767,-0.20260,0.00697,0.68783,-0.68312,0.17543,-0.17164,0.00601,0.00990,0.01133,
1789832860,-0.01628,-0.20140,0.00700,0.68756,-0.68323,0.17586,-0.17186,0.01820,0.02946,-0.00482,
1789832860,-0.01487,-0.19961,0.00724,0.68819,-0.68229,0.17625,-0.17263,0.01723,0.01865,0.00406,
1789832861,-0.01406,-0.19777,0.00699,0.68738,-0.68299,0.17673,-0.17263,0.01633,0.03319,-0.00709,
1789832861,-0.01296,-0.19611,0.00739,0.68834,-0.68171,0.17720,-0.17335,0.01663,0.03056,-0.00434,
1789832861,-0.01043,-0.19326,0.00714,0.68916,-0.68093,0.17717,-0.17321,0.00556,0.01271,0.00710,
1789832861,-0.00917,-0.19091,0.00660,0.68831,-0.68208,0.17690,-0.17237,0.00678,0.01187,0.00839,
1789832861,-0.00765,-0.18886,0.00658,0.68807,-0.68216,0.17733,-0.17251,0.01027,0.02604,-0.00368,
1789832861,-0.00793,-0.18804,0.00721,0.68937,-0.68087,0.17694,-0.17284,0.01624,0.02106,-0.00244,
1789832861,-0.00689,-0.18727,0.00691,0.68869,-0.68139,0.17742,-0.17300,0.01023,0.01537,0.00053,
1789832861,-0.00611,-0.18648,0.00668,0.68821,-0.68203,0.17728,-0.17257,0.01035,0.02607,-0.00574,
1789832861,-0.00606,-0.18566,0.00702,0.68915,-0.68141,0.17648,-0.17206,0.00433,0.01091,0.00345,
1789832862,-0.00609,-0.18500,0.00711,0.68921,-0.68120,0.17678,-0.17238,0.00789,0.01073,-0.00036,
1789832862,-0.00599,-0.18485,0.00717,0.68911,-0.68116,0.17707,-0.17262,0.00449,0.00917,-0.00070,
1789832862,-0.00571,-0.18503,0.00699,0.68935,-0.68102,0.17680,-0.17246,0.00293,0.00221,-0.00063,
1789832862,-0.00591,-0.18570,0.00719,0.68970,-0.68065,0.17676,-0.17260,-0.00176,0.00183,0.00248,
1789832862,-0.00624,-0.18669,0.00750,0.69032,-0.68002,0.17660,-0.17273,-0.00046,-0.00303,0.00217,
1789832862,-0.00657,-0.18753,0.00766,0.69081,-0.67954,0.17643,-0.17284,-0.00492,-0.00212,0.00264,
1789832862,-0.00712,-0.18847,0.00770,0.69105,-0.67931,0.17632,-0.17291,-0.00220,-0.00378,0.00077,
1789832862,-0.00758,-0.18995,0.00740,0.68998,-0.68007,0.17723,-0.17328,-0.00495,-0.00523,-0.00191,
1789832862,-0.00914,-0.19194,0.00797,0.69109,-0.67906,0.17669,-0.17334,-0.00753,-0.00296,-0.00249,
1789832862,-0.00945,-0.19277,0.00768,0.69041,-0.67974,0.17688,-0.17319,-0.00429,-0.00666,-0.00104,
1789832863,-0.01076,-0.19460,0.00743,0.69019,-0.68008,0.17663,-0.17299,-0.00363,0.00182,-0.00854,
1789832863,-0.01321,-0.19842,0.00717,0.69053,-0.67998,0.17610,-0.17258,-0.00792,-0.02330,0.00460,
1789832863,-0.01393,-0.20001,0.00759,0.69029,-0.68019,0.17615,-0.17265,-0.00833,-0.00217,-0.00482,
1789832863,-0.01525,-0.20280,0.00778,0.69009,-0.67988,0.17708,-0.17373,-0.00190,0.00408,-0.01140,
1789832863,-0.01684,-0.20483,0.00791,0.69022,-0.67993,0.17661,-0.17350,-0.00901,-0.00297,-0.00406,
1789832863,-0.01861,-0.20675,0.00770,0.68971,-0.68053,0.17651,-0.17329,-0.00330,0.00207,-0.00867,
1789832863,-0.02027,-0.20857,0.00811,0.69056,-0.67993,0.17575,-0.17301,-0.01009,-0.00306,0.00094,
1789832863,-0.02104,-0.20964,0.00788,0.69030,-0.68071,0.17483,-0.17192,-0.01586,-0.01741,0.00985,
1789832864,-0.02163,-0.21051,0.00813,0.69018,-0.68088,0.17454,-0.17201,-0.00387,0.01198,-0.00812,
1789832864,-0.02223,-0.21126,0.00783,0.69009,-0.68128,0.17390,-0.17144,-0.00878,-0.00447,0.00348,
1789832864,-0.02199,-0.21214,0.00793,0.68985,-0.68139,0.17424,-0.17159,-0.00152,0.00493,0.00010,
1789832864,-0.02278,-0.21251,0.00810,0.68992,-0.68146,0.17397,-0.17134,-0.00260,0.00874,0.00086,
1789832864,-0.02372,-0.21244,0.00799,0.69005,-0.68195,0.17271,-0.17013,-0.00624,0.00964,0.00210,
1789832864,-0.02344,-0.21304,0.00799,0.69036,-0.68169,0.17257,-0.17005,0.00204,0.00344,0.00200,
1789832864,-0.02337,-0.21331,0.00812,0.69046,-0.68167,0.17241,-0.16992,0.00099,0.01073,0.00219,
1789832864,-0.02320,-0.21317,0.00797,0.69048,-0.68177,0.17219,-0.16967,0.00424,0.00680,0.00226,
1789832864,-0.02281,-0.21255,0.00801,0.69035,-0.68189,0.17222,-0.16964,0.00568,0.00993,0.00123,
1789832864,-0.01917,-0.20783,0.00387,0.68308,-0.68902,0.17504,-0.16736,-0.00469,-0.00620,0.02378,
1789832864,-0.01920,-0.20597,0.00454,0.68283,-0.68950,0.17444,-0.16703,0.03289,0.06786,-0.01892,
1789832865,-0.01861,-0.20414,0.00579,0.68785,-0.68522,0.17157,-0.16704,0.00089,0.01062,0.03332,
1789832865,-0.01724,-0.20163,0.00555,0.68681,-0.68580,0.17268,-0.16777,0.03234,0.04044,-0.00717,
1789832865,-0.01545,-0.20075,0.00763,0.69193,-0.68050,0.17181,-0.16920,0.03574,0.04807,-0.00497,
1789832865,-0.01329,-0.19666,0.00709,0.69129,-0.68131,0.17184,-0.16855,0.00787,0.01590,0.02079,
1789832865,-0.01264,-0.19407,0.00706,0.69022,-0.68241,0.17196,-0.16835,0.02353,0.04893,-0.00989,
1789832865,-0.01197,-0.19232,0.00700,0.69063,-0.68186,0.17208,-0.16876,0.01133,0.02115,0.00687,
1789832865,-0.00990,-0.18897,0.00641,0.69012,-0.68222,0.17253,-0.16897,0.00849,0.01315,0.00586,
1789832865,-0.00874,-0.18708,0.00640,0.68998,-0.68243,0.17243,-0.16878,0.01004,0.02752,-0.00590,
1789832865,-0.00859,-0.18573,0.00652,0.69085,-0.68184,0.17168,-0.16838,0.01011,0.01009,0.00115,
1789832865,-0.00768,-0.18501,0.00625,0.69045,-0.68191,0.17246,-0.16893,0.00924,0.01241,-0.00278,
1789832865,-0.00684,-0.18420,0.00572,0.68982,-0.68260,0.17248,-0.16870,0.00075,0.01277,-0.00269,
1789832865,-0.00722,-0.18392,0.00596,0.69086,-0.68197,0.17145,-0.16801,-0.00576,-0.00682,0.00946,
1789832866,-0.00743,-0.18335,0.00610,0.69093,-0.68214,0.17107,-0.16747,-0.00143,0.00026,-0.00062,
1789832866,-0.00721,-0.18368,0.00596,0.69119,-0.68199,0.17072,-0.16730,-0.00430,-0.00231,-0.00157,
1789832866,-0.00766,-0.18487,0.00644,0.69202,-0.68114,0.17062,-0.16749,-0.00748,-0.01022,0.00158,
1789832866,-0.00883,-0.18625,0.00698,0.69293,-0.68014,0.17049,-0.16789,-0.00997,-0.01582,0.00237,
1789832866,-0.00898,-0.18776,0.00721,0.69339,-0.67941,0.17087,-0.16858,-0.00695,-0.01844,0.00024,
1789832866,-0.01000,-0.18970,0.00700,0.69248,-0.68021,0.17129,-0.16865,-0.01071,-0.00980,-0.00646,
1789832866,-0.01025,-0.19089,0.00659,0.69178,-0.68079,0.17188,-0.16860,-0.00820,-0.01823,-0.00470,
1789832866,-0.01162,-0.19430,0.00657,0.69112,-0.68105,0.17280,-0.16929,-0.01189,-0.02099,0.00067,
1789832866,-0.01298,-0.19680,0.00634,0.69056,-0.68161,0.17285,-0.16930,-0.01196,-0.01120,-0.00615,
1789832867,-0.01380,-0.19820,0.00655,0.69060,-0.68144,0.17297,-0.16966,-0.01288,-0.01645,0.00064,
1789832867,-0.01500,-0.19962,0.00642,0.69007,-0.68193,0.17316,-0.16965,-0.01437,-0.02130,0.00388,
1789832867,-0.01584,-0.20125,0.00698,0.69081,-0.68113,0.17299,-0.17006,-0.00776,-0.00618,-0.00246,
1789832867,-0.01600,-0.20151,0.00637,0.68957,-0.68248,0.17292,-0.16975,-0.01186,-0.00855,-0.00215,
1789832867,-0.01643,-0.20268,0.00662,0.69010,-0.68177,0.17310,-0.17029,-0.00712,-0.01221,0.00260,
1789832867,-0.01704,-0.20321,0.00620,0.68919,-0.68266,0.17334,-0.17013,-0.01269,-0.00135,-0.00324,
1789832867,-0.01814,-0.20425,0.00630,0.68988,-0.68219,0.17268,-0.16989,-0.00193,-0.00154,-0.00078,
1789832867,-0.01824,-0.20463,0.00632,0.69014,-0.68193,0.17266,-0.16989,-0.00473,0.00130,-0.00002,
1789832867,-0.01805,-0.20459,0.00619,0.69015,-0.68192,0.17265,-0.16987,-0.00060,0.00437,-0.00250,
1789832867,-0.01798,-0.20425,0.00608,0.68996,-0.68211,0.17271,-0.16988,-0.00064,0.00893,-0.00448,
1789832867,-0.01734,-0.20397,0.00584,0.68968,-0.68241,0.17275,-0.16974,0.00385,0.01015,-0.00633,
1789832868,-0.01697,-0.20344,0.00572,0.68927,-0.68283,0.17281,-0.16964,0.00347,0.01470,-0.00575,
1789832868,-0.01703,-0.20258,0.00556,0.68876,-0.68331,0.17301,-0.16959,0.00454,0.01682,-0.00638,
1789832868,-0.01614,-0.20182,0.00529,0.68815,-0.68394,0.17316,-0.16939,0.00804,0.01782,-0.00705,
1789832868,-0.01522,-0.19988,0.00509,0.68773,-0.68451,0.17300,-0.16897,0.00327,0.01834,-0.00125,
1789832868,-0.01453,-0.19650,0.00471,0.68797,-0.68553,0.17056,-0.16632,0.00017,0.01442,0.00473,
1789832868,-0.01304,-0.19386,0.00494,0.68833,-0.68534,0.17020,-0.16599,0.00929,0.01696,0.00517,
1789832868,-0.01226,-0.19269,0.00528,0.68891,-0.68467,0.17026,-0.16627,0.01547,0.03961,-0.00937,
1789832868,-0.01164,-0.19116,0.00534,0.68902,-0.68455,0.17020,-0.16635,0.01636,0.03433,-0.00381,
1789832868,-0.01043,-0.18848,0.00499,0.68866,-0.68486,0.17042,-0.16635,0.01472,0.02418,0.00093,
1789832868,-0.00955,-0.18699,0.00507,0.68866,-0.68501,0.17023,-0.16591,0.01613,0.03386,-0.00631,
1789832869,-0.00804,-0.18460,0.00494,0.68886,-0.68481,0.17040,-0.16577,0.02129,0.03832,-0.01144,
1789832869,-0.00658,-0.18251,0.00489,0.68928,-0.68457,0.17012,-0.16527,0.02089,0.04353,-0.01455,
1789832869,-0.00556,-0.18101,0.00464,0.68960,-0.68440,0.16979,-0.16496,0.00705,0.01831,0.00479,
1789832869,-0.00461,-0.17931,0.00473,0.68918,-0.68501,0.16954,-0.16448,0.02005,0.04317,-0.01255,
1789832869,-0.00324,-0.17528,0.00436,0.68987,-0.68443,0.16921,-0.16432,0.00491,0.01314,0.00669,
1789832869,-0.00211,-0.17300,0.00425,0.68933,-0.68509,0.16905,-0.16399,0.00853,0.02198,-0.00194,
1789832869,-0.00053,-0.17127,0.00490,0.68992,-0.68442,0.16909,-0.16426,0.01453,0.03862,-0.01355,
1789832869,0.00097,-0.16861,0.00470,0.69035,-0.68433,0.16838,-0.16358,0.01274,0.01566,-0.00223,
1789832869,0.00191,-0.16733,0.00473,0.69062,-0.68419,0.16799,-0.16339,0.00600,0.00732,0.00280,
1789832869,0.00240,-0.16656,0.00475,0.69020,-0.68409,0.16914,-0.16443,0.01605,0.01950,-0.00730,
1789832870,0.00266,-0.16546,0.00466,0.69051,-0.68400,0.16861,-0.16401,0.00145,-0.00061,0.00706,
1789832870,0.00295,-0.16499,0.00474,0.69031,-0.68388,0.16928,-0.16470,0.00980,0.00917,-0.00257,
1789832870,0.00378,-0.16420,0.00457,0.68975,-0.68422,0.16987,-0.16506,0.00006,0.00864,-0.00342,
1789832870,0.00382,-0.16392,0.00461,0.69015,-0.68410,0.16921,-0.16452,-0.00427,0.00105,0.00093,
1789832870,0.00280,-0.16385,0.00500,0.69087,-0.68401,0.16777,-0.16336,-0.00270,0.00027,-0.00038,
1789832870,0.00199,-0.16600,0.00564,0.69228,-0.68255,0.16755,-0.16367,-0.00627,-0.01473,0.00442,
1789832870,0.00144,-0.16713,0.00601,0.69312,-0.68167,0.16742,-0.16396,-0.00899,-0.01765,0.00416,
1789832870,0.00067,-0.16838,0.00589,0.69266,-0.68194,0.16788,-0.16428,-0.00384,-0.00881,-0.00425,
1789832871,-0.00007,-0.17023,0.00594,0.69236,-0.68129,0.16946,-0.16664,0.00739,-0.02410,0.00473,
1789832871,0.00611,-0.17345,0.00542,0.68355,-0.67708,0.19437,-0.19115,0.09432,-0.05888,-0.00320,
1789832871,0.01728,-0.18106,0.00561,0.67542,-0.66830,0.22303,-0.21780,0.05589,-0.04988,-0.00719,
1789832871,0.01999,-0.18407,0.00551,0.67504,-0.66720,0.22537,-0.21994,0.01470,-0.01833,-0.00627,
1789832871,0.01999,-0.18447,0.00549,0.67514,-0.66785,0.22386,-0.21922,-0.01156,0.00114,-0.00551,
1789832871,0.01962,-0.18481,0.00595,0.67568,-0.66796,0.22263,-0.21843,0.00555,-0.00311,-0.00105,
1789832871,0.01948,-0.18388,0.00598,0.67526,-0.66845,0.22268,-0.21822,0.00963,0.00131,-0.00198,
1789832871,0.02404,-0.18661,0.00615,0.66544,-0.65815,0.24967,-0.24839,0.12130,-0.07118,-0.00634,
1789832871,0.03380,-0.19477,0.00640,0.65229,-0.64313,0.28364,-0.28363,0.15244,-0.14183,0.01053,
1789832872,0.05075,-0.21285,0.00646,0.62469,-0.61297,0.34130,-0.34286,0.14154,-0.18321,0.00595,
1789832872,0.06512,-0.23637,0.00544,0.59297,-0.57760,0.39668,-0.39675,0.11266,-0.20077,-0.00575,
1789832872,0.06977,-0.24681,0.00584,0.58906,-0.56804,0.40486,-0.40796,0.03122,-0.07130,-0.00267,
1789832872,0.07376,-0.25052,0.00513,0.58860,-0.57005,0.40475,-0.40593,0.02839,-0.01763,-0.01525,
1789832872,0.07323,-0.24972,0.00578,0.59064,-0.57202,0.40036,-0.40452,0.02782,-0.01033,-0.01260,
1789832872,0.07312,-0.24702,0.00602,0.59107,-0.57513,0.39812,-0.40168,-0.01031,-0.01265,-0.00064,
1789832872,0.07313,-0.24437,0.00686,0.59085,-0.57645,0.39763,-0.40061,-0.01537,-0.01770,0.00096,
1789832872,0.07356,-0.24262,0.00710,0.59073,-0.57633,0.39793,-0.40066,-0.01745,-0.01079,0.00306,
1789832872,0.07283,-0.24320,0.00714,0.59102,-0.57611,0.39781,-0.40068,-0.02153,-0.01460,0.00362,
1789832872,0.07150,-0.24386,0.00762,0.59142,-0.57544,0.39772,-0.40114,-0.02578,-0.01552,0.00322,
1789832873,0.07074,-0.24351,0.00829,0.59187,-0.57477,0.39753,-0.40162,-0.03079,-0.01223,0.00606,
1789832873,0.06979,-0.24338,0.00807,0.59186,-0.57563,0.39723,-0.40070,-0.03221,-0.00911,0.00206,
1789832873,0.06773,-0.24390,0.00840,0.59337,-0.57586,0.39556,-0.39979,-0.02869,-0.00223,-0.00209,
1789832873,0.06689,-0.24292,0.00825,0.59298,-0.57756,0.39527,-0.39819,-0.03516,-0.00786,0.00236,
1789832873,0.06272,-0.24378,0.00851,0.59329,-0.57812,0.39474,-0.39744,-0.04352,-0.01616,0.00740,
1789832873,0.06112,-0.24460,0.00879,0.59340,-0.57834,0.39455,-0.39715,-0.02179,-0.00377,-0.00723,
1789832873,0.06007,-0.24430,0.00886,0.59283,-0.57900,0.39493,-0.39667,-0.04253,-0.01438,0.00913,
1789832873,0.05828,-0.24490,0.00904,0.59316,-0.57907,0.39450,-0.39650,-0.02577,-0.00982,-0.00304,
1789832873,0.05750,-0.24592,0.00814,0.59187,-0.58007,0.39572,-0.39573,-0.02961,-0.02021,-0.00048,
1789832873,0.05498,-0.24716,0.00848,0.59128,-0.57981,0.39663,-0.39609,-0.02620,-0.01303,0.00212,
1789832873,0.05364,-0.24809,0.00867,0.59139,-0.57898,0.39687,-0.39690,-0.01184,-0.01242,-0.00403,
1789832873,0.05241,-0.24896,0.00839,0.59097,-0.57940,0.39721,-0.39658,-0.02043,-0.01054,0.00154,
1789832874,0.05130,-0.24885,0.00868,0.59145,-0.57956,0.39668,-0.39615,-0.01080,-0.00247,-0.00077,
1789832874,0.05081,-0.24887,0.00905,0.59163,-0.57965,0.39652,-0.39592,0.00213,0.00169,-0.00666,
1789832874,0.05120,-0.24772,0.00941,0.59168,-0.58069,0.39598,-0.39486,-0.00191,0.00793,-0.00176,
1789832874,0.05122,-0.24706,0.00888,0.59219,-0.58158,0.39516,-0.39361,-0.01079,0.00399,0.00320,
1789832874,0.05036,-0.24520,0.00836,0.59673,-0.58679,0.38857,-0.38549,-0.03014,0.05225,-0.00249,
1789832874,0.04248,-0.23170,0.00977,0.62027,-0.60930,0.35080,-0.34778,-0.10883,0.16983,-0.00375,
1789832874,0.03460,-0.21872,0.01017,0.64042,-0.63058,0.31226,-0.30777,-0.15460,0.18554,-0.00042,
1789832874,0.02377,-0.20599,0.01087,0.65926,-0.65126,0.26871,-0.26273,-0.17640,0.17573,0.00093,
1789832874,0.01178,-0.19340,0.01106,0.67470,-0.66899,0.22399,-0.21691,-0.19082,0.15260,-0.00449,
1789832874,-0.00298,-0.18121,0.01176,0.68625,-0.68389,0.17924,-0.17096,-0.10477,0.09117,0.00875,
1789832874,-0.00996,-0.17390,0.01214,0.68745,-0.68851,0.16788,-0.15871,-0.02057,0.04826,0.01479,
1789832874,-0.01106,-0.17147,0.01034,0.68672,-0.68779,0.17100,-0.16160,-0.00941,0.04074,0.00736,
1789832875,-0.01080,-0.17355,0.00794,0.68734,-0.68637,0.17273,-0.16315,0.00251,0.02328,0.00341,
1789832875,-0.00970,-0.17336,0.00764,0.68661,-0.68612,0.17489,-0.16499,0.00137,0.00025,0.01271,
1789832875,-0.00860,-0.17400,0.00790,0.68746,-0.68449,0.17624,-0.16678,0.00914,0.01762,-0.00381,
1789832875,-0.00636,-0.17382,0.00551,0.68703,-0.68443,0.17741,-0.16757,0.01167,0.02156,-0.00963,
1789832875,-0.00656,-0.17372,0.00558,0.68759,-0.68353,0.17790,-0.16840,0.00566,0.00001,0.00450,
1789832875,-0.00462,-0.17269,0.00497,0.68698,-0.68349,0.17929,-0.16955,0.00676,-0.00178,0.00412,
1789832875,-0.00321,-0.17144,0.00461,0.68726,-0.68315,0.17930,-0.16982,0.00430,-0.00390,0.00603,
1789832875,-0.00266,-0.17118,0.00511,0.68804,-0.68221,0.17940,-0.17034,0.01585,0.00838,-0.00591,
1789832875,-0.00169,-0.16953,0.00450,0.68724,-0.68316,0.17934,-0.16980,0.00750,0.00320,-0.00222,
1789832875,-0.00057,-0.16905,0.00456,0.68754,-0.68241,0.18005,-0.17086,0.01696,0.00195,-0.00419,
1789832875,0.00039,-0.16855,0.00442,0.68711,-0.68251,0.18077,-0.17140,0.01465,0.00440,-0.00577,
1789832875,0.00051,-0.16787,0.00299,0.68732,-0.68308,0.17910,-0.17006,0.00387,0.00128,-0.00284,
1789832876,0.00035,-0.16701,0.00299,0.68777,-0.68332,0.17769,-0.16876,0.00898,0.00359,-0.00511,
1789832876,0.00048,-0.16679,0.00294,0.68843,-0.68304,0.17681,-0.16810,-0.00839,0.00151,-0.00032,
1789832876,-0.00692,-0.16477,0.00330,0.69506,-0.68741,0.15307,-0.14466,-0.11232,0.02912,0.00218,
1789832876,-0.02278,-0.16234,0.00348,0.70236,-0.69447,0.11424,-0.10650,-0.11854,0.01996,-0.00206,
1789832876,-0.03096,-0.16241,0.00303,0.70395,-0.69682,0.10095,-0.09335,-0.03887,0.01171,-0.01304,
1789832876,-0.03640,-0.16595,0.00348,0.70432,-0.69679,0.09969,-0.09208,-0.01059,-0.01671,-0.00212,
1789832876,-0.03844,-0.16930,0.00299,0.70337,-0.69743,0.10111,-0.09291,-0.01919,-0.02536,-0.00100,
1789832876,-0.03904,-0.17222,0.00346,0.70413,-0.69688,0.10028,-0.09218,-0.01496,-0.02845,0.00051,
1789832877,-0.03991,-0.17485,0.00354,0.70406,-0.69697,0.10033,-0.09200,-0.01491,-0.03889,0.00617,
1789832877,-0.04003,-0.17665,0.00350,0.70391,-0.69709,0.10047,-0.09213,-0.01179,-0.02604,-0.00270,
1789832877,-0.04079,-0.17921,0.00335,0.70366,-0.69742,0.10021,-0.09180,-0.01254,-0.02357,-0.00441,
1789832877,-0.04147,-0.18151,0.00372,0.70464,-0.69639,0.10023,-0.09205,-0.00832,-0.04084,0.00608,
1789832877,-0.04201,-0.18315,0.00373,0.70400,-0.69696,0.10063,-0.09223,-0.00757,-0.01832,-0.00748,
1789832877,-0.04238,-0.18486,0.00373,0.70382,-0.69699,0.10123,-0.09272,-0.00804,-0.02800,-0.00087,
1789832877,-0.04274,-0.18773,0.00371,0.70390,-0.69683,0.10150,-0.09298,-0.00598,-0.02406,-0.00373,
1789832877,-0.04352,-0.19054,0.00364,0.70416,-0.69643,0.10197,-0.09351,-0.00706,-0.03904,0.00592,
1789832877,-0.04485,-0.19491,0.00338,0.70367,-0.69692,0.10204,-0.09347,-0.00884,-0.02423,-0.00326,
1789832877,-0.04565,-0.19772,0.00337,0.70377,-0.69699,0.10143,-0.09290,-0.00627,-0.02193,-0.00549,
1789832877,-0.04649,-0.19930,0.00326,0.70355,-0.69721,0.10151,-0.09279,-0.00477,-0.03512,0.00414,
1789832877,-0.04735,-0.20135,0.00344,0.70399,-0.69680,0.10131,-0.09274,-0.00216,-0.02845,-0.00071,
1789832878,-0.04730,-0.20303,0.00321,0.70353,-0.69727,0.10138,-0.09264,-0.00625,-0.02446,-0.00308,
1789832878,-0.04880,-0.20723,0.00325,0.70326,-0.69731,0.10220,-0.09349,-0.00159,-0.02550,0.00083,
1789832878,-0.04962,-0.21049,0.00336,0.70368,-0.69695,0.10187,-0.09329,-0.00321,-0.03015,0.00544,
1789832878,-0.05061,-0.21290,0.00337,0.70319,-0.69769,0.10107,-0.09241,-0.00017,-0.01630,-0.00086,
1789832878,-0.05148,-0.21417,0.00343,0.70333,-0.69775,0.10035,-0.09169,-0.00411,-0.02337,0.00469,
1789832878,-0.05273,-0.21672,0.00353,0.70334,-0.69795,0.09954,-0.09095,-0.00391,-0.01140,0.00070,
1789832878,-0.05318,-0.21828,0.00397,0.70365,-0.69737,0.10047,-0.09191,0.00708,0.00329,-0.00776,
1789832878,-0.05273,-0.21852,0.00357,0.70305,-0.69780,0.10126,-0.09245,0.00753,-0.01113,0.00299,
1789832878,-0.05248,-0.21915,0.00344,0.70312,-0.69779,0.10098,-0.09226,0.00958,-0.00006,-0.00218,
1789832879,-0.05283,-0.21977,0.00357,0.70346,-0.69751,0.10069,-0.09210,0.00918,0.00002,0.00141,
1789832879,-0.05307,-0.21965,0.00352,0.70337,-0.69759,0.10076,-0.09211,0.00979,0.00604,-0.00096,
1789832879,-0.05298,-0.21901,0.00321,0.70297,-0.69798,0.10082,-0.09209,0.01228,0.00957,-0.00301,
1789832879,-0.05270,-0.21831,0.00296,0.70250,-0.69846,0.10092,-0.09203,0.01390,0.01301,-0.00333,
1789832879,-0.05201,-0.21750,0.00253,0.70196,-0.69900,0.10094,-0.09194,0.01576,0.01545,-0.00392,
1789832879,-0.05167,-0.21648,0.00235,0.70168,-0.69930,0.10092,-0.09187,0.01372,0.01546,-0.00107,
1789832879,-0.05172,-0.21502,0.00212,0.70090,-0.70013,0.10084,-0.09156,0.01921,0.02969,-0.00916,
1789832879,-0.05109,-0.21373,0.00172,0.70066,-0.70051,0.10035,-0.09099,0.01351,0.01314,0.00407,
1789832879,-0.05107,-0.21321,0.00230,0.70189,-0.69939,0.09983,-0.09076,0.01930,0.01878,0.00291,
1789832879,-0.05118,-0.21062,0.00210,0.70125,-0.70037,0.09867,-0.08939,0.00933,0.01969,0.00386,
1789832879,-0.05110,-0.20931,0.00274,0.70239,-0.69940,0.09797,-0.08883,0.01927,0.03080,-0.00410,
1789832880,-0.05065,-0.20676,0.00259,0.70265,-0.69927,0.09745,-0.08836,0.01997,0.02152,-0.00018,
1789832880,-0.04953,-0.20470,0.00231,0.70176,-0.70023,0.09739,-0.08795,0.01136,0.01467,0.00432,
1789832880,-0.04872,-0.20347,0.00263,0.70216,-0.69964,0.09799,-0.08869,0.02724,0.02777,-0.00663,
1789832880,-0.04781,-0.20208,0.00265,0.70233,-0.69929,0.09866,-0.08940,0.02368,0.01746,-0.00133,
1789832880,-0.04717,-0.20057,0.00248,0.70211,-0.69938,0.09914,-0.08991,0.01771,0.01679,0.00050,
1789832880,-0.04732,-0.19986,0.00264,0.70226,-0.69925,0.09908,-0.08979,0.01856,0.01732,-0.00026,
1789832880,-0.04715,-0.19895,0.00293,0.70271,-0.69872,0.09929,-0.09022,0.01831,0.01431,0.00091,
1789832880,-0.04713,-0.19688,0.00227,0.70192,-0.69985,0.09806,-0.08889,0.00954,0.01675,-0.00193,
1789832880,-0.04682,-0.19598,0.00227,0.70230,-0.69955,0.09773,-0.08855,0.01654,0.00139,0.00868,
1789832880,-0.04713,-0.19592,0.00284,0.70312,-0.69871,0.09772,-0.08871,0.01998,0.01023,0.00340,
1789832881,-0.04656,-0.19467,0.00253,0.70235,-0.69932,0.09839,-0.08924,0.01414,0.01845,-0.00483,
1789832881,-0.04675,-0.19386,0.00232,0.70202,-0.69979,0.09798,-0.08865,0.01493,0.01032,0.00155,
1789832881,-0.04742,-0.19332,0.00240,0.70268,-0.69951,0.09642,-0.08732,0.00787,0.01225,0.00085,
1789832881,-0.04726,-0.19298,0.00226,0.70225,-0.70001,0.09625,-0.08697,0.01703,0.01230,-0.00131,
1789832881,-0.04703,-0.19234,0.00215,0.70233,-0.70005,0.09578,-0.08657,0.01044,0.00849,0.00234,
1789832881,-0.04721,-0.19219,0.00231,0.70245,-0.70004,0.09538,-0.08609,0.01227,0.00733,0.00227,
1789832881,-0.04787,-0.19187,0.00244,0.70290,-0.69989,0.09410,-0.08497,0.00622,0.00522,0.00364,
1789832881,-0.04584,-0.19019,0.00243,0.70295,-0.69999,0.09351,-0.08439,0.00644,0.00504,-0.00091,
1789832881,-0.04578,-0.19017,0.00245,0.70289,-0.70007,0.09346,-0.08430,0.00576,0.00350,-0.00026,
1789832881,-0.04565,-0.19012,0.00234,0.70291,-0.70006,0.09345,-0.08434,0.00437,0.00127,0.00052,
1789832882,-0.04551,-0.19017,0.00220,0.70295,-0.70002,0.09343,-0.08428,0.00515,0.00122,-0.00055,
1789832882,-0.04520,-0.19030,0.00227,0.70304,-0.69994,0.09337,-0.08423,0.00516,0.00041,0.00010,
1789832882,-0.04550,-0.19046,0.00243,0.70309,-0.69988,0.09343,-0.08432,0.00391,-0.00008,0.00091,
1789832882,-0.04578,-0.19060,0.00261,0.70318,-0.69977,0.09347,-0.08435,0.00410,-0.00038,0.00114,
1789832882,-0.04583,-0.19078,0.00261,0.70331,-0.69964,0.09345,-0.08436,0.00411,-0.00087,0.00070,
1789832882,-0.04564,-0.19096,0.00255,0.70345,-0.69952,0.09338,-0.08437,0.00404,-0.00141,0.00061,
1789832882,-0.04576,-0.19117,0.00266,0.70363,-0.69933,0.09339,-0.08438,0.00399,-0.00222,0.00105,
1789832882,-0.04599,-0.19152,0.00269,0.70382,-0.69914,0.09337,-0.08446,0.00328,-0.00270,0.00047,
1789832882,-0.04602,-0.19186,0.00265,0.70406,-0.69890,0.09332,-0.08449,0.00362,-0.00397,0.00065,
1789832882,-0.04630,-0.19225,0.00282,0.70434,-0.69861,0.09332,-0.08454,0.00278,-0.00528,0.00167,
1789832882,-0.04652,-0.19279,0.00299,0.70465,-0.69828,0.09333,-0.08460,0.00256,-0.00693,0.00132,
1789832882,-0.04654,-0.19340,0.00306,0.70504,-0.69790,0.09322,-0.08463,0.00307,-0.00828,0.00170,
